ID,Name,Category,Level,Value,Rate of Use/Encounter,Target,Net,Grants,Notes
I028,Acidic Flask,Grenade,1,1.28125,1,3,-1.71875,"Bleeding:5+[Clubs], Harried:1(universal)","5 + [Clubs] stacks of Bleeding on hit. Suit-scaling added: a bare flip has exactly a 1-in-4 chance of matching a specific suit (1 card in the suit pool for an unmodified flip), so the marginal 6th-stack value (11.75-11.5=0.25) is credited at x0.25 -- 0.25 x 0.5(on-hit) x 0.25(suit) = 0.03125. Bleeding's Clubs pairing is the established convention (RULES_DESIGN.md's Suit portfolio table, also matching Reckoning/Beast Venom's real [Clubs] Crippled text). Barely moves the needle since Bleeding is already near its ~12 asymptotic cap at 5 stacks. Value 1.28125, Net -1.71875, still an accepted below-budget utility item per the designer's earlier call."
I029,Immaculate Adhesive,Grenade,1,4.125,1,3,1.125,DifficultTerrain:2,"2 levels of Difficult Terrain in the target space and all adjacent spaces, lasting the encounter. Recomputed under the newly re-derived, non-linear Difficult Terrain curve (see design/balance_weights_notes.md) rather than the old flat 0.55/degree rate: 2 degrees hits the curve's hard cap at 8.25 (Agility-3/Speed-4 baseline). Guaranteed (no attack roll -- the effect auto-succeeds), so no hit-chance discount, but the flat Autoswing (5.5) opportunity-cost subtraction still applies same as every other Grenade. Priced for 1 creature actually crossing the full 2 degrees (the primary target, per the designer's own call -- only the one directly hit needs to cross the terrain at all), plus a half-credit margin (half of 1 degree's own value, 1.375) for the incidental area-denial value of a second creature losing an AP or so trying to cross it, or others taking suboptimal repositioning -- not a full second creature, since most of the party will just walk around the zone rather than commit to crossing it. Value 4.125, Net +1.125 -- deliberately a bit above the Level-1 threshold (0.8), since a genuine chokepoint should reward smart tactical placement rather than sitting exactly at budget. Net moves from the old flat-rate model's -6.3 to +1.125, resolving the structural ceiling problem flagged earlier in this pass."
I030,Bottled Fire,Grenade,2,5.5,1,6,-0.5,"Damage:8, Harried:1(universal)","8 Fire damage on hit (bumped from 7). Recomputed under the unified Grenade model: margin (8-3)x2=10, plus the +1 universal Harried credit any attack vs. Dodge/Parry grants, minus Autoswing (5.5) as the flat opportunity cost of not just attacking instead. Net moves to -0.5, within the Level-2 threshold (0.975) -- matches the same 1-damage-point bump the designer worked out by hand earlier in this pass, before applying it to the ledger."
I031,Smokejar,Grenade,2,6.25,1,6,0.25,"Crippled:3+[Clubs], Cover(relocation):1, Harried:1(universal)","3 + [Clubs] Crippled + a growing smoke/Heavy Cover zone for the scene. Suit-scaling added: marginal 4th-stack Crippled value (15-9=6) x 0.5(on-hit) x 0.25(suit) = +0.75. Clubs is the established Crippled convention (RULES_DESIGN.md's Suit portfolio table, matching Reckoning/Beast Venom's real [Clubs] Crippled text). Value 6.25, Net +0.25, within the Level-2 threshold (0.975). (Difficult Terrain deliberately NOT suit-scaled here -- that was briefly considered for Immaculate Adhesive instead, a mix-up caught and corrected; Smokejar was always the Crippled-suit-scaling target.)"
I032,Bonemelter,Grenade,3,10.375,1,9,1.375,"Necrotic:3+[Diamonds], Damage:8, Harried:1(universal)","3 + [Diamonds] stacks of Necrotic + 8 Shadow damage on hit. Suit-scaling added: Necrotic's marginal stack is linear (no stacking curve/cap the way Bleeding/Crippled/Vulnerable have), so the addition lands at full weight: 1.5 x 0.25(suit) = +0.375 (Necrotic's own situational-realization discount is already baked into its 1.5/stack rate, not reapplied). Diamonds is the established Necrotic convention (RULES_DESIGN.md's Suit portfolio table). Value 10.375, Net +1.375 -- a small overshoot past the Level-3 threshold (1.15), accepted as-is per the designer."
I033,Snowstorm,Grenade,3,9.35,1,9,0.35,"Slowed:3+[Spades], Damage:8, Harried:1(universal)","8 Frost damage + Slowed 3 + [Spades] times on hit. Suit-scaling added: marginal 4th-stack Slowed value (11-6.6=4.4) x 0.5(on-hit) x 0.25(suit) = +0.55. Spades is the established Slowed convention (RULES_DESIGN.md's Suit portfolio table, matching Spectral Spiderwebs/Beast Venom's real [Spades] Slowed text). Value 9.35, Net +0.35, still within the Level-3 threshold (1.15)."
I034,Sunbeam,Grenade,4,13.0,1,12,1.0,"Vulnerable:4+[Diamonds], Damage:9, Harried:1(universal)","9 Brilliant damage + Vulnerable 4 + [Diamonds] stacks on hit. Suit-scaling added: marginal 5th-stack Vulnerable value (14-10=4) x 0.5(on-hit) x 0.25(suit) = +0.5. Diamonds is the established Vulnerable convention (RULES_DESIGN.md's Suit portfolio table). Value 13.0, Net +1.0, within the Level-4 threshold (1.325)."
I035,Hellfire Bomb,Grenade,4,12.1,1,12,0.1,"Damage:16(post-AoE), Harried:2(universal, post-AoE)","8 Fire damage, hitting all creatures adjacent to the target (AoE, 2-enemy assumption). Recomputed with the AoE realization discount: (DamageComponent 20 + Harried 2) x0.8(realization) = 17.6, -5.5 Autoswing (undiscounted) = Value 12.1, Net +0.1 -- within the Level-4 threshold (1.325), resolving the overshoot flagged earlier this pass without touching raw Damage at all. See design/balance_weights_notes.md's AoE multiplier section for the full derivation (net 1.6x = 2x enemies-hit assumption x 0.8 realization)."
I036,Thunderclap-in-a-Jar,Grenade,5,17.5,1,15,2.5,"Damage:16(post-AoE), Bleeding:2+[Clubs] per-target(AoE-multiplied, corrected), Harried:2+[Diamonds] per-target(AoE-multiplied)+2(universal, AoE-doubled)","8 Physical damage + 2+[Clubs] Bleeding + 2+[Diamonds] Harried per-target, area-targeted (AoE, 2-enemy assumption). Recomputed under the corrected AoE-curve method (curve(N) x2, not curve(2N) -- see design/balance_weights_notes.md's AoE multiplier correction): per-target Bleeding(2)=8 + suit-scaled expected marginal (0.25 x (Bleeding(3)-Bleeding(2))=0.5) = 8.5, x0.5(on-hit)=4.25, x2(AoE, independent targets)=8.5. Per-target Harried-bonus(2)=2 + suit-scaled expected marginal (0.25x1=0.25)=2.25, x0.5=1.125, x2=2.25 -- unaffected by the correction since Harried is linear below its cap either way. Damage margin (8-4)x2=8 (per-target, linear, unaffected) x2(AoE)=16. + Harried universal (2, AoE-doubled) = total pre-realization 16+8.5+2.25+2=28.75, x0.8(realization)=23.0, -5.5 Autoswing = Value 17.5, Net +2.5. Lower than the previous (bugged) computation's +5.34 -- Bleeding's tapering curve was actually being under-credited by the old curve(2N) method, but the Damage margin (the larger component) is unaffected since it's linear, so the net change is still a real decrease. Still overshooting the Level-5 threshold (1.5) by a real amount, not just a rounding edge -- flagged for a follow-up decision (trim the Bleeding/Harried-bonus stacks, or accept as an intentionally-strong signature item), not resolved here."
I207,Reeler,Grenade,3,7.625,1,9,-1.375,"Damage:8, Harried:4+[Diamonds], Harried:1(universal)","Renamed from Quartz Tincture -- redesigned around a concussive, Harried-forward identity per the designer's call (a gap worth having in the Grenade lineup). 8 Fire damage (matching the L2-L3 sibling baseline) + 4 + [Diamonds] stacks of Harried on hit. Since Harried's own curve caps hard at 6 stacks (value 6 guaranteed / 3 discounted -- see design/balance_weights_notes.md), it can never carry much budget alone; going with Option B (genuine suit-scaling, base 4 usually landing 4-5, rarely 6) over flatly maxing it at 6 (which would make suit-scaling contribute nothing and read as misleading flavor text) or bumping raw damage to 9 (which would tie Sunbeam's Level 4 number). Value: margin (8-3)x2=10, Harried(4)=4x0.5=2, marginal 5th-stack suit credit (5-4)x0.5x0.25=0.125, +1 universal Harried, -5.5 Autoswing = 7.625. Net -1.375 -- an accepted below-full-budget item, same shape as Acidic Flask/Bottled Fire's earlier near-misses, prioritizing identity over hitting exact budget."
I037,Energizing Brew,Potion,1,2.4,1,3,-0.6,"GoodLuck:1, AP:0","Good Luck on Reflex (initiative), now until a full night's rest instead of 1 hour -- removes the guesswork of timing the drink to a specific fight without stacking extra value, since Reflex is still flipped exactly once per encounter no matter how long the buff is active (designer's explicit call, not re-priced upward for the wider window). Dropped AP:-2 entirely: same 'drunk ahead of time' reasoning as the prevention trio -- you'd have this active before initiative is even rolled, so it never actually competes with an in-combat action. Good Luck's own weight revised this session from 2.2 to 2.4 (see the Good Luck suit-pool correction in design/balance_weights_notes.md) -- GoodLuck(1)=2.4, Net = 2.4-3 = -0.6, clean fit at the Level-1 threshold (0.8)."
I038,Fortifying Concoction,Potion,1,3.5,1,3,0.5,"Protected:3, AP:-2","Grants 3 stacks of Protected (reduced from 4) -- never recomputed this session against Protected's own confirmed Locked value (3/stack, guaranteed), which left it badly overpowered at the old 4-stack grant: Value 12, Net +3.5 against a Level-1 budget, more than 4x over. Kept the standard full AP charge rather than the half-AP mixed-use treatment -- per the designer, Protected decays every round it's up, which makes it an inherently in-combat effect (unlike Healing Potion's genuinely split downtime/reactive use), so it doesn't get the same discount. Protected(3)=9, -5.5 AP = Value 3.5, Net +0.5 -- clean fit at the Level-1 threshold (0.8)."
I039,Elemental-Attuned Tincture,Potion,2,8.0,1,6,2.0,"Ward:3, AP:0","Reworked around a redesigned universal Ward: +2 Resist while any stacks remain PLUS each stack can absorb 1 Health loss from that damage type (Protected's mandatory-substitution rule). Grants 3 stacks; these don't decay per-turn (alchemy convention, mirroring Poison), so the flat Resist piece prices at its full undiscounted rate (2.0 Fire, doubled per the Resist correction -- see balance_weights_notes.md). Absorption reuses Protected's own 3/stack rate scaled by the damage-share fraction (2/3): 2.0/stack, unaffected by the Resist fix. Fire: 2.0 + 3x2.0 = 8.0, Net = 8.0-6 = 2.0. Frost/Brilliant/Shadow: 1.0+6.0=7.0, Net=1.0 -- the absorption component still narrows Fire's usual edge."
I040,Essential Ointment,Potion,2,5.4,1,6,-0.6,"Card:2, AP:0","Draw 2 cards (bumped from 1) -- full AP structurally can't work for a card-draw item at this budget (the flat 5.5 AP tax alone eats most of a Level-2 target), so this moves to the zero-AP treatment instead: drawn cards sit in your hand until your next full night's rest regardless (per the Hand rules), so 'drink it before the scene' is the natural reading, same durability window the zero-AP convention already relies on for the prevention trio/Energizing Brew. Card:2 x 2.7 = 5.4, Net = 5.4-6 = -0.6, clean fit at the Level-2 threshold (0.975) without needing to touch Card's own value."
I041,Soldier's Salts,Potion,1,3.5,1,3,0.5,"RefundL2:9, AP:-2","Regain the use of any Encounter Technique Level 2 or lower. THE TABEL has no 'refund an ability use' mechanic, so I used a trick: a refunded Technique use is worth that Technique's own Target budget (Level x 3). On its own that pins Value to exactly equal Target, giving zero margin to ever clear the item's own AP cost -- true of every refund-trick item, and why this whole family read badly at first. Fixed with a x1.5 premium on the refund's own baseline (same 'flexibility is worth something extra' reasoning Card's premium over Good Luck already uses), reused for Fighter's Friend/Battlemaster's Brew/Soul Soup below. Re-Leveled from 2 to 1 alongside the premium -- the item wasn't underpowered for what it does, it was costed one Level too high: at Level 1, refunding a Level-2 Technique, the fixed AP tax (a constant 5.5) finally stops eating more of the budget than the premium adds back. 1.5 x (2x3) - 5.5 = 3.5. Net moves from -5.5 to +0.5."
I042,Calming Brew,Potion,3,8.8,1,9,-0.2,Taunted:4(prevented) or Frightened:4(prevented),"Prevents the next 4 total stacks of Taunted/Frightened this encounter (and removes existing stacks up to that total). Rebalanced to be drunk ahead of time -- AP charge dropped entirely (see balance.md): AP only matters in combat, and a 1-hour/pre-fight consumable spent outside initiative was never really competing with an attack. The reactive/emergency case (drinking it mid-fight) isn't separately modeled -- its cost is already implicit in the AP that use actually spends. Moved back to Level 3 (its original placement) rather than staying at Level 2, since 4x2.2=8.8 fits a Level-3 budget cleanly without changing the grant: Net -0.2, within threshold (1.15)."
I043,Healing Potion,Potion,2,5.25,1,6,-0.75,"ShallowHeal:2, AP:-1(half)","Heals 2 Health (Shallow, guaranteed) -- reverted back down from the earlier 3, replacing that bump with a half-AP charge instead. Per the designer: a lot of real use of the system's standard healing item is topping off Health outside of combat, where AP doesn't even exist as a resource -- but it's also genuinely used reactively mid-fight, unlike the L3 prevention trio which is overwhelmingly pre-fight prep. Charged at half the standard AP cost (2.75, 1 AP's value, instead of the full 5.5) to split the difference between those two use cases rather than assume either extreme. ShallowHeal(2)=8, -2.75 = Value 5.25, Net -0.75 -- clean fit at the Level-2 threshold (0.975). See balance.md for the new 'half AP for genuinely mixed-use items' convention this establishes, alongside the existing full-AP (always reactive) and zero-AP (always prep) treatments."
I044,Liquid Charisma,Potion,3,9.6,1,9,0.6,"GoodLuck:4, AP:0","Good Luck on Presence/Persuasion/Rapport for 1 hour. Dropped AP:-2 entirely -- Social Contests don't spend AP as a resource at all (confirmed earlier this project), so charging AP for a purely social-flip buff was never actually correct. Replaced the old '~2 uses' guess with a real cadence estimate: a Social Contest resolves via a GM-set number of successes earned through Statement flips (Presence/Persuasion/Rapport), and the drinker, as the party's social lead, would typically carry most of the Statements in a scene running up to the full hour -- estimated at ~4 relevant flips, comparable in scope to a moderate combat encounter. Good Luck's own weight revised this session from 2.2 to 2.4 (suit-pool correction, see design/balance_weights_notes.md): GoodLuck(4) = 4 x 2.4 = 9.6, Net = 9.6-9 = 0.6, clean fit at the Level-3 threshold (1.15). Target = Level x 3 was calibrated against combat encounters, so this Net should still be read with that imperfect-fit caveat noted previously."
I045,Earthen Draught,Potion,4,12.5,1,12,0.5,"Protected:6, AP:-2","Tops up to 2 Protected at the end of every turn for 1 hour. Since Protected doesn't stack past the current top-up, most of the ongoing value only matters if it's actually being spent down by incoming hits -- estimated as roughly 3 'refresh' instances worth of value over a 5-round fight (3 x 2 stacks = 6), not 5 refreshes, since some rounds won't need it topped up. Protected's own weight (3/stack) is unchanged this pass, just newly confirmed rather than asserted -- unchanged from the prior recompute."
I046,Fighter's Friend,Potion,3,8,1,9,-1,"RefundL3:13.5, AP:-2","Regain use of any Encounter Technique Level 3 or lower -- same refund-trick as Soldier's Salts, now with the x1.5 premium: 1.5 x (3x3) - 5.5 = 8. Re-Leveled from 4 to 3 as part of a reshuffled three-item family (Soldier's Salts now Level 1/refund-2, Fighter's Friend Level 3/refund-3, new Battlemaster's Brew below fills the vacated Level 4/refund-4 slot). Net moves from -5.5 to -1 -- a small, accepted gap, same tier as several other items this session."
I047,Swiftblade Vial,Potion,4,11.8,1,12,-0.2,"Hasted:8, TurnOrder:3, AP:-2","Redesigned to drop Good Luck entirely, per the designer's call to separate this from Fatebinder's Cordial's identity and lean into a purely speed/tempo theme instead. First explored a direct Extra Success grant, rejected on a new standing rule (design/RULES_DESIGN.md) -- damage/success bonuses stay routed through Good Luck/Defense-reduction/Gambling/suit-pool assists, never granted flat. Landed on turn-order adjustment instead, a mechanic the designer wants to use more broadly and which had no existing value in this model -- first derivation this session, Pencil 1.0/place (see balance_weights_notes.md). Hasted(8) = 0.55x(4x8-6) = 14.3, + TurnOrder(3) = 3.0, = 17.3, -5.5 AP = Value 11.8, Net = 11.8-12 = -0.2, clean fit at the Level-4 threshold (1.325). An earlier draft tried carrying more of the budget through turn-order alone (~9 places against a modest Hasted count) -- far past any existing precedent's scale, which is what pushed this final split toward a smaller, still-untested shift paired with a bigger Hasted component instead."
I212,Battlemaster's Brew,Potion,4,12.5,1,12,0.5,"RefundL4:18, AP:-2","New item, filling the Level 4 slot vacated when Fighter's Friend re-Leveled down to 3. Regain the use of any Encounter Technique Level 4 or lower -- same refund-trick and x1.5 premium as its siblings: 1.5 x (4x3) - 5.5 = 12.5. Net lands at +0.5, completing the family: Soldier's Salts (L1, refund-2, +0.5), Fighter's Friend (L3, refund-3, -1), Battlemaster's Brew (L4, refund-4, +0.5)."
I048,Insanity Potion,Potion,5,14.85,1,15,-0.15,"Speed:1, CrippledSlowedAvg:1, Wounded:offset, Bleeding:capped, AP:-2","Full rework this pass, replacing the old 'treat any card as a Heart' clause (a leftover from a previous rules version meant to guarantee a damage bonus, no longer needed now that Extra Successes route through Good Luck/suit matching/Gambling) with a Battle Maneuver Battering-style effect: if your attack hits or is Parried, the target gains a stack of Bleeding, running for the whole hour rather than a single proc. Speed(1, non-decaying for the whole encounter) = 0.55 x 4 turns = 2.2 (corrected from the old flat 0.55, which only priced the first-turn marginal). Crippled/Slowed immunity priced as an average, not a sum, of Crippled(3)=9 and Slowed(2)=3.3 -- a fight realistically throws one debuff type at a target, not both at once (same logic Predator's Cry's own Crippled-or-Slowed clause uses) -- average = 6.15. Wounded immunity triangulated two ways (flip-based: ~2 turns x 1 attack+1 defense flip x Bad Luck's 2.2 = 8.8; opportunity-cost: saving the party Healer 2 AP = 5.5; averaged = 7.15) but then assumed, per the designer, to roughly offset the item's own drawback (cannot heal or gain Protected for the hour) rather than pricing both independently -- the drawback exists specifically as a countermeasure to this one piece, so netting them to 0 is more faithful to the original intent than deriving both separately and hoping they happen to cancel. Sustained Bleeding-on-hit priced at Bleeding's own hard cap (12), not a per-proc multiply, since stacks reapplied throughout a whole encounter against one focused target accumulate faster than the 1/turn decay unwinds them. Total = 2.2+6.15+12.0 = 20.35, -5.5 AP = Value 14.85, Net = 14.85-15 = -0.15 -- landing close to neutral by design: per the designer, a capstone item is meant to be a little swingy (stronger in some contexts, offset by its own real drawback in others), with the 'reward cleverness and risk over raw power' principle (see RULES_DESIGN.md) doing more of the work than an inflated Net would."
I204,Kiss of the Earth,Potion,3,10,1,9,1,Bleeding:3(prevented),"Prevents the next 3 stacks of Bleeding, 1 hour (reduced from 4, and now also removes existing stacks up to that total -- matches Calming Brew's existing wording). Rebalanced to be drunk ahead of time -- AP charge dropped entirely (see balance.md), same reasoning as Calming Brew. Bleeding(3)=10 fits a Level-3 budget cleanly (moved up from Level 2): Net +1.0, within threshold (1.15)."
I205,Predator's Cry,Potion,3,7.8,1,9,-1.2,Crippled:3(prevented) or Slowed:3(prevented),"Prevents the next 3 stacks of Crippled or Slowed, until next rest (reduced from 4, moved Level 4->3 to consolidate all three stack-prevention Potions -- Calming Brew, Kiss of the Earth, this one -- into a single Level-3 'preparation item' cluster per the designer's healing-family framework). avg(Crippled(3)=9, Slowed(3)=6.6)=7.8, no AP (drunk ahead of time). Net -1.2, just outside the Level-3 threshold (1.15) by a negligible margin -- accepted as-is."
I206,Revivification Draught,Potion,4,14.5,1,12,2.5,"DeepHeal:4(ticks, player choice of Shallow or Deep), AP:-2","Reworked from a Level 5 burst-heal (5 immediately + 1/turn for 4 rounds) into a Level 4 pure trickle: 1 Health, player's choice of Shallow or Deep, at the start of each of the next 4 turns. Frees up Level 5 for a different capstone item and gives the healing-Potion family a dedicated 'prevent Wounded over time' option per the designer's framework (L1 Fortifying Concoction/Protected, L2 Healing Potion, L3 stack-prevention cluster, L4 this). Priced at Deep Heal's own rate (5/point) since the Shallow-or-Deep choice belongs to the player, not chance or an enemy -- same 'price the rational best choice' logic as any other player-controlled option, not averaged the way Crippled-or-Slowed was (that choice belongs to the enemy). 4 x 5 = 20, -5.5 AP (kept standard -- explicitly meant to work mid-combat, not just downtime prep, so it doesn't get the 'drunk ahead of time' AP exemption the L3 prevention cluster gets) = Value 14.5, Net +2.5. A deliberate overshoot past the Level-4 threshold (1.325), accepted per the designer given healing's own pricing tension: reactive timing flexibility (apply after you already know the damage landed, no need to predict an incoming hit) versus the rigidity of a fixed per-turn trickle when a player actually needs a lot of healing right now."
I049,Basic Poison,Poison,3,,,0,,(none),"Structural/carrier item only -- sets Concentration (3+Level) and Potency (=Level) for whichever of the 7 flavors below is chosen; has no standalone mechanical grant of its own, so no Value/Net computed for this row specifically. See I050-I056 for the actual priced flavors, each shown combined with a representative Level-3 Basic Poison (Potency 3)."
I050,Crippling Poison,Poison,3,9,1,9,0,Crippled:3,"Representative Level 3 (Potency 3): 3 stacks Crippled on a successful poison-attack. AP cost and the redundant 'poison-landing' discount both DROPPED this session -- see design/balance.md's Poison entry. Per the designer, every Poison effect except Bleeding persists ~1 hour per stack rather than decaying via the normal 1/turn Fleeting rule -- so Crippled's own compounding curve (which assumes decay across its 2-turn survival window) needs its stack count held at FULL strength across both turns instead of tapering: 1.5 x 3 x 2 = 9, not the decaying-curve's 7.5. Net lands at exactly 0 -- no adjustment needed, this item is naturally balanced once every correction is applied. Its 1x-Potency stack grant (vs. Bloody/Necrotic Poison's 2x) turns out to be the right baseline multiplier for a keyword at Crippled's rate."
I051,Bloody Poison,Poison,3,11.75,1,9,2.75,Bleeding:6,"Representative Level 3: 6 stacks Bleeding (twice Potency) via weapon application -- the ingested version (4x Potency) isn't modeled here since that requires a completely different delivery method, out of scope for a weapon-poison assumption. Bleeding's own curve caps hard at high stack counts (6 stacks = 11.75). AP cost and the redundant 'poison-landing' discount both DROPPED, same as the rest of the batch. Unlike every other Poison, Bleeding is the one explicitly called out as expiring NORMALLY (standard 1/turn Fleeting decay, not the ~1 hour/stack persistence the rest of this batch gets) -- so its curve doesn't get the same full-strength-across-2-turns adjustment Crippling/Slowing/Vulnerability/Harrying Poison do below. REVIEWED AND LEFT AS-IS: Net +2.75 is a deliberate exception, not a gap -- the designer likes a strong-enough Bleeding poison being able to threaten a kill outright, doesn't expect the full stack count to matter much in a real pitched fight (focus-fire kills things before Bleeding's tail value fully realizes, same caveat as every other Bleeding-granting item), and it isn't out of line with Acidic Flask's own similar +2.5 Net under the same curve. No item-text change."
I052,Slowing Poison,Poison,3,6.6,1,9,-2.4,Slowed:3,"Representative Level 3 (1x Potency, unchanged): 3 stacks Slowed. AP cost and the redundant 'poison-landing' discount both dropped, same as the rest of the batch; persists at full strength across the whole 4-turn window (capped at 4 stacks) rather than decaying, same treatment as the other Poison-delivered curves. Slowed's own base rate doubled this session (a Slowed target needs two movement actions per turn, both hit by the same flat penalty) from 0.55 to 1.1/stack: 1.1 x 3 x 4 x 0.5 = 6.6, not the pre-doubling curve's 3.3. Net moves from -5.7 to -2.4 -- checked across Levels 1-5, holds at a consistent -0.8 to -3.2 through Level 4 before the 4-stack cap starts widening the gap at Level 5 (-6.2). Close enough now that no multiplier change seems warranted -- same call as Vulnerability/Harrying Poison."
I053,Necrotic Poison,Poison,3,10.125,1,9,1.125,Necrotic:9,"Representative Level 3: 9 stacks Necrotic (three times Potency, bumped from twice -- see below). Necrotic has its own derived value (3/stack when it resolves) rather than generic Debuff, and this poison's decay now follows the generic [Poison] rule (1 stack/hour) like every other flavor, after its own special '2 stacks/hour' carve-out was tidied away this session. Applies a 'does the situation actually come up' discount (x0.75, reflecting that ~1hr/stack persistence gives it plenty of time to actually catch a heal attempt or a Protected grant) and the standard poison-roll discount every Poison in this batch carries (x0.5, reinstated this session after being briefly dropped in error -- this row's own Value was left stale at 13.5/+4.5 through that whole pass and only now catches up): 9 x 3 x 0.75 x 0.5 = 10.125. Unlike Crippled/Vulnerable/Slowed, Necrotic has no stacking cap, so its fit is purely linear -- at the old 2x-Potency grant it read a clean, constant -25% under Target at every Level; bumped to 3x for a tighter (and now slightly over instead of under) constant +12.5% fit, accepted as fine for what's already a fairly niche pick."
I054,Vulnerability Poison,Poison,3,12,1,9,3,Vulnerable:6,"Bumped 1x->2x Potency (matching Bloody Poison's own precedent), fixing a real shortfall: Crippling Poison's 1x multiplier lands exactly on Target because Crippled's own per-stack rate (1.5) is high enough at that multiplier, but Vulnerable's rate (1) can't reach Target the same way at 1x -- not a poison-specific issue, just a lower-rate keyword needing a bigger multiplier to match. Representative Level 3 (Potency 3, so 6 stacks): full-strength-across-the-2-turn-window formula 1 x 6 x 2 = 12, Net = 12-9 = 3. An accepted overshoot, same magnitude as Bloody Poison's own +2.75 -- per the designer, Poisons can reasonably carry a wider balance berth than other items (single-target, and a dedicated alchemist gets more value from steady low-Level use than from maxing out Potency for one huge application), so the top end running a bit hot isn't the primary concern."
I055,Harrying Poison,Poison,3,12,1,9,3,Harried:6,"Bumped 1x->2x Potency, same fix and same reasoning as Vulnerability Poison above -- Harrying Poison already reuses Vulnerable's exact formula (continuously-active penalty against incoming threats for the ~1hr/stack survival window, not Harried's normal one-shot-per-turn shape), so it needed the same multiplier bump for the same reason. Representative Level 3 (6 stacks): 1 x 6 x 2 = 12, Net = 12-9 = 3. Same accepted-overshoot call as Vulnerability Poison."
I056,Psychosis Poison,Poison,3,9.9,1,9,0.9,Frightened(proc):6,"Bumped 1x->2x Potency, same fix as Vulnerability/Harrying Poison. Representative Level 3 (6 stacks): 6 x 2.2 (Frightened's own rate) x 0.75 (future-hit-lands discount, loosened from 0.5 to reflect the ~1hr persistence window) = 9.9, Net = 9.9-9 = 0.9 -- a genuinely clean fit, the best-landing of the three bumped this pass."
I023,Travel Rations,Food,1,0,1,6,-6.0,(none),"Pure logistics item (a day's food, never spoils) -- grants no combat-facing mechanic at all. Out of scope for this Value model; left at Value 0 / Net = -Target rather than force a meaningless number. Not a balance concern, just not what this model prices. [Target corrected to Level x6 (6) per the once/day formula fix -- Net now -6.0. Not re-tuned; flagged for review since this changes a pre-existing, previously-settled Food item, not new work from this pass.]"
I024,Power Snack,Food,1,3.61,1,6,-2.39,Sift:6,"Sift 6 cards (Level x6), using the corrected Sift weight (~0.60/card -- see design/balance_weights_notes.md; simulated value captured within ~18 draws/day, derived from Baseline's own attack-frequency numbers, not the old sheet's unexplained 0.64). Rate and Target both scoped to 'per day' consistently (Rate=1, Target=Level x 4 for a once-daily item, per the corrected once-per-day convention). No weight used here changed further this pass -- unchanged from the prior recompute. [Target corrected to Level x6 (6) per the once/day formula fix -- Net now -2.39. Not re-tuned; flagged for review since this changes a pre-existing, previously-settled Food item, not new work from this pass.]"
I025,Hearty Meal,Food,1,4,1,6,-2.0,ShallowHeal:1,"Heals an extra 1 Shallow Health (Level) on the next full night's rest, guaranteed. Rate=1/Target=Level x 4 (once-per-day convention). Lands exactly at Net 0, the cleanest result in the whole Food batch. No weight used here changed this pass -- unchanged. [Target corrected to Level x6 (6) per the once/day formula fix -- Net now -2.0. Not re-tuned; flagged for review since this changes a pre-existing, previously-settled Food item, not new work from this pass.]"
I026,Muscular Feast,Food,1,5.267,1,6,-0.733,"Bleeding:2(prevented) or Crippled:2(prevented) or Slowed:2(prevented), AP:0","Prevents the next 2 stacks (twice Level) of Bleeding/Crippled/Slowed before the next rest. Recomputed with the prevention-contingency discount removed per the designer's call (see balance.md). Bleeding(2)=8, Crippled(2)=4.5, Slowed(2)=3.3, averaged across the three since which one triggers isn't the player's choice: 5.267, no AP cost (Food item). Net +1.267 -- a modest overshoot past the Level-1 threshold (0.8), accepted as-is per the designer. [Target corrected to Level x6 (6) per the once/day formula fix -- Net now -0.733. Not re-tuned; flagged for review since this changes a pre-existing, previously-settled Food item, not new work from this pass.]"
I027,Soul Soup,Food,1,4.5,1,6,-1.5,RefundL1:4.5,"Grants 1 Nutrition (Level) that can refund a Level-1-or-lower Technique use -- refund-trick, now with the same x1.5 premium as Soldier's Salts/Fighter's Friend/Battlemaster's Brew (swept in for consistency, since this is a change to the underlying refund-trick convention, not a per-item tweak): 1.5 x (1x3) = 4.5, no AP cost since Food isn't AP-gated. Net moves from -1 to +0.5. [Target corrected to Level x6 (6) per the once/day formula fix -- Net now -1.5. Not re-tuned; flagged for review since this changes a pre-existing, previously-settled Food item, not new work from this pass.]"
I213,Legbreaker,Grenade,2,6.18,1,6,+0.18,"Damage:8, Push:3m, Harried:1(universal)","8 Physical damage + 3-meter Push on hit (trimmed from 4m). Rechecked after Push's own rate was decoupled from Speed and re-derived (0.89375/meter, up from 0.55/meter) -- at the old 4m distance this would have become Value=7.075, Net=+1.075 (118% funded), a real overshoot. Trimmed to 3m instead: margin (8-4)x2=8 (Physical Resist placeholder 4) + Push 3m x0.89375=2.68125 + universal Harried(1) - Autoswing(5.5) = Value 6.181, Net=+0.18 (103% funded), restoring the same close-to-Target shape the original 4m/old-rate version had."
I214,Harrowing Ichor,Grenade,2,5.975,1,6,-0.025,"Damage:7, Frightened:2+[Hearts], Harried:1(universal)","7 Shadow damage + 2 + [Hearts] stacks of Frightened on hit. Second of two new Grenades drafted to add mechanical variety (fills the completely-untouched Frightened keyword -- no existing Grenade granted it). Priced under the unified Grenade model: margin (7-3)x2=8, Frightened(2)=4.4 halved to 2.2 for the on-hit contingency, plus suit-scaled marginal 3rd-stack credit (2.2x0.5x0.25=0.275), +1 universal Harried, -5.5 Autoswing = Value 5.975, Net -0.025. Deliberately 1 point below Bottled Fire's own damage (7 vs 8) so it trades raw margin for the Frightened rider rather than being strictly better."
I215,Oozejar,Grenade,4,12.1,1,12,0.1,"Slowed:4(per-target), Crippled:3(per-target), Harried:2(universal, AoE-doubled)","AoE, no Damage component. Per-target: Slowed(4)=11, Crippled(3)=9, summed then x0.5(on-hit)=10 -- this is the value delivered to ONE target. AoE doubles that (x2, two independent targets, NOT double the stacks fed into one curve evaluation -- see the AoE multiplier correction in design/balance_weights_notes.md) = 20, + Harried universal (2, AoE-doubled) = 22, x0.8(realization) = 17.6, -5.5 Autoswing = Value 12.1, Net +0.1 -- a very clean fit at Level 4. Asymmetric stack counts (4 Slowed/3 Crippled, not 4/4) were needed to land here -- 4/4 overshot badly (+4.9) even under the corrected model, since concentrating a lot of value in two still-climbing curves adds up fast. Real play value likely exceeds even this number -- an immobilized-and-barely-functional target is closer to fully removed from the fight than the flip-chance math alone captures (same acknowledged-conservative-floor reasoning as Slowed/Harried elsewhere)."
I216,Windrunner's Draught,Potion,1,2.2,1,3,-0.8,"Hasted:5, AP:-2","Moved down from Level 2, Hasted trimmed 7->5, per the designer's call to keep L1/L2 buff potions simple and single-mechanic. Hasted(5) = 0.55 x (4x5-6) = 7.7, -5.5 AP = Value 2.2, Net = 2.2-3 = -0.8, right at the edge of the Level-1 threshold (0.8) -- a clean fit."
I217,Thornskin Elixir,Potion,2,5.5,1,6,-0.5,"Retribution:2(Bleeding-on-hit), Protected:1, AP:-2","Moved down from Level 3, Protected trimmed 2->1, per the designer's call to keep L1/L2 buff potions simple and save multi-effect combos for L3+. 2 x Bleeding(1)=4 -> 8, + Protected(1)=3 = 11, -5.5 AP = Value 5.5, Net = 5.5-6 = -0.5, clean fit at the Level-2 threshold (0.975)."
I218,Spellblade's Sipper,Potion,3,9.34,1,9,0.34,"ElementalConvert:4, Ward:3, AP:-2","Renamed from Warmage's Draft. Rebalanced so the two components carry roughly equal weight. ElementalConvert(4) = 4x2 = 8 (unaffected by the Resist fix -- uses Damage's own rate). Ward(3, others bucket, normal decay): flat-Resist curve value(3) = 0.84 (doubled per the Resist correction) + absorption(3) = 6.0 -> 6.84. Total = 8+6.84 = 14.84, -5.5 AP = Value 9.34, Net = 9.34-9 = 0.34, a clean fit just past the Level-3 threshold (1.15 -- within it). [Corrected: Resist's per-point rate was double-discounting the hit chance -- 'hits landed' is already a landed-hit count, so the multiplier should be the guaranteed rate (4), not Damage's own hit-gated rate (2). Every Resist rate doubles as a result (Physical 2.5->5.0, Fire 0.5->1.0, Frost/Brilliant/Shadow 0.25->0.5 each) -- see balance_weights_notes.md's Resist section for the full derivation. Recomputed below; the War Magic percentage-reduction cross-checks are mechanical facts about Resist points vs. a hit's raw damage and are unaffected by this fix.]"
I219,Fatebinder's Cordial,Potion,4,11.9,1,12,-0.1,"GoodLuck:5, Card:2(on Down), AP:-2","A specific-use finisher tool -- built for 'go for the kill,' dead weight outside that moment, per the designer's call to keep L3+ buff potions situational. GoodLuck(5) = 5x2.4 = 12 (Good Luck's own weight revised this session, see balance_weights_notes.md). The card draw is contingent on landing a Down, but per the standing 'does the threat show up' discount removal for consumables, a rational player only drinks this when a kill is imminent, so it prices at full value: 2xCard(2.7) = 5.4. Full AP (drunk mid-fight). Value = 12+5.4-5.5 = 11.9, Net = 11.9-12 = -0.1, clean fit at the Level-4 threshold (1.325)."
I208-L1,Elemental Warding Band (L1),Masterwork,1,3.13,1,3,+0.13,"Ward:1(active, once/encounter, 0 AP, self-or-touched-ally)","RENAMED from ""Elemental Warding Amulet"" -- was always Slot:Ring in the original source doc, just oddly named/flavored (not mis-tagged); no mechanical change from the rename alone. Once/encounter, grant 1 stack of chosen-type Ward (2 if Level 2) to self or a willing creature touched. Ward's rate already Locked from the Torso pass: Fire (rational-player pick), 1-stack flat-Resist+absorption = 0.72+2.0 = 2.72. Per the designer, added ""or a willing creature you touch"" for targeting flexibility, credited a modest, explicitly-judgment-call +15% bump (not a derived number): 2.72x1.15 = 3.128 ~ 3.13, landing almost exactly on Target -- Net = 3.13-3 = +0.13. Frost/Brilliant/Shadow case: 2.36x1.15 = 2.71, Net = -0.29. Extending to Level 3-5 (continuing ""stacks=Level"") was considered and rejected -- the gap widens every Level since Ward's flat-Resist component caps at 5 stacks while Target keeps climbing a flat +3/Level, a structural mismatch a flat bonus can't patch. [Supersedes this row's earlier pre-rework value, which predated the rename/reflavor and the +15% targeting-flexibility bump.]"
I208-L2,Elemental Warding Band (L2),Masterwork,2,6.07,1,6,+0.07,"Ward:2(active, once/encounter, 0 AP, self-or-touched-ally)","Level 2 of the same enhancement (see L1 row above). Fire: 2-stack flat-Resist+absorption = 1.28+4.0 = 5.28, x1.15 = 6.072 ~ 6.07. Net = 6.07-6 = +0.07. Frost/Brilliant/Shadow: 4.64x1.15 = 5.34, Net = -0.66. [Supersedes this row's earlier pre-rework value.]"
I067-L1,Elemental-Resistant Armor (L1),Masterwork,1,1.0,1,3,-2.0,Resist:1(Fire),"+1 Resist, chosen element. Fire (rational-player pick): 1x1.0=1.0, Net=1.0-3=-2.0. [Corrected: Resist's per-point rate was double-discounting the hit chance -- 'hits landed' is already a landed-hit count, so the multiplier should be the guaranteed rate (4), not Damage's own hit-gated rate (2). Every Resist rate doubles as a result (Physical 2.5->5.0, Fire 0.5->1.0, Frost/Brilliant/Shadow 0.25->0.5 each) -- see balance_weights_notes.md's Resist section for the full derivation. Recomputed below; the War Magic percentage-reduction cross-checks are mechanical facts about Resist points vs. a hit's raw damage and are unaffected by this fix.]"
I067-L2,Elemental-Resistant Armor (L2),Masterwork,2,2.0,1,6,-4.0,Resist:2(Fire),"+2 Resist, chosen element. Fire: 2x1.0=2.0, Net=2.0-6=-4.0. [Corrected: Resist's per-point rate was double-discounting the hit chance -- 'hits landed' is already a landed-hit count, so the multiplier should be the guaranteed rate (4), not Damage's own hit-gated rate (2). Every Resist rate doubles as a result (Physical 2.5->5.0, Fire 0.5->1.0, Frost/Brilliant/Shadow 0.25->0.5 each) -- see balance_weights_notes.md's Resist section for the full derivation. Recomputed below; the War Magic percentage-reduction cross-checks are mechanical facts about Resist points vs. a hit's raw damage and are unaffected by this fix.]"
I073,Robes of Resilience,Masterwork,3,7.5,1,9,-1.5,"Resist:1(Physical), Resist:1(Fire), Resist:1(Frost/Brilliant/Shadow x3)","+1 to all five Resists. 1x5.0(Physical)+1x1.0(Fire)+1x0.5x3(other three)=7.5, Net=7.5-9=-1.5. [Corrected: Resist's per-point rate was double-discounting the hit chance -- 'hits landed' is already a landed-hit count, so the multiplier should be the guaranteed rate (4), not Damage's own hit-gated rate (2). Every Resist rate doubles as a result (Physical 2.5->5.0, Fire 0.5->1.0, Frost/Brilliant/Shadow 0.25->0.5 each) -- see balance_weights_notes.md's Resist section for the full derivation. Recomputed below; the War Magic percentage-reduction cross-checks are mechanical facts about Resist points vs. a hit's raw damage and are unaffected by this fix.]"
I074,Robes of the Elemental Lord,Masterwork,5,7.5,1,15,-7.5,"Resist:3(Fire), Resist:3(Frost/Brilliant/Shadow x3)","+3 to Fire/Frost/Brilliant/Shadow (all four non-Physical). 3x1.0(Fire)+3x0.5x3(other three)=7.5, Net=7.5-15=-7.5 -- still a real gap by design (Robes/Masterwork allowance), just smaller than before. [Corrected: Resist's per-point rate was double-discounting the hit chance -- 'hits landed' is already a landed-hit count, so the multiplier should be the guaranteed rate (4), not Damage's own hit-gated rate (2). Every Resist rate doubles as a result (Physical 2.5->5.0, Fire 0.5->1.0, Frost/Brilliant/Shadow 0.25->0.5 each) -- see balance_weights_notes.md's Resist section for the full derivation. Recomputed below; the War Magic percentage-reduction cross-checks are mechanical facts about Resist points vs. a hit's raw damage and are unaffected by this fix.]"
I069,Armor of Constitutional Integrity,Masterwork,2,4.6,1,6,-1.4,"BadLuck(Poison/Disease):0.5freq, GoodLuck(Resilience):1","Cut its Neck-slot duplicate, Periapt of Constitutional Integrity (I175) -- word-for-word identical text, and a clear mismatch for Neck's own design lane ('niche, boring, passive utility, deliberately not defensive' per RULES_DESIGN.md's slot philosophy) -- almost certainly a pre-slot-philosophy leftover never reconciled once Torso became the defense-designated slot. Widened this item's own trigger from Poison-only to 'Poison, Disease, or similar bodily threat' to match Resilience's own stated domain ('resisting the adverse effects of poison, disease, exhaustion...'), raising how often it's actually relevant. Per the designer: Poison alone comes up roughly 1 in 2-3 fights (used 0.4), hitting ~2 instances per player when it does; widening the trigger category bumps that to an estimated 0.5. BadLuck: 0.5 x 2 x 2.2 = 2.2. GoodLuck(Resilience, permanent, ~1 flip/encounter assumed) = 2.4. Total = 4.6, Net = 4.6-6 = -1.4 -- a real improvement from the pure-Poison version's -1.84 (which was itself already better than the original -3.05 before the frequency was refined), and close enough to accept under the same Masterwork-berth allowance as the Torso Resist items."
I072-L3,Lifeforce Plate (L3),Masterwork,3,7.5,1,9,-1.5,Protected:1(refill),"At the end of the wearer's turn, refill to 1 stack of Protected if at 0. Priced against the broader ""~2.5 relevant empty moments/encounter"" read of that trigger (not the stricter 1.875-hits anchor used elsewhere for a guaranteed major hit) -- Lifeforce Plate's trigger also catches incidental chip damage, not just the big swing, so the wider count is the better fit. Considered and rejected: pricing as ""assume every one of the 1.875 hits/player/encounter lands while this item's Protected is up,"" which collapses back to treating the raw hit-count itself as the refill frequency with no discount -- mathematically reproduces the original, stricter estimate almost exactly (Net -3.375 here) rather than giving a new, better-justified number, so it was set aside in favor of the broader empty-moments read. Value = 2.5 x Protected(1)=3 = 7.5, Net = 7.5-9 = -1.5. Accepted below Target as part of the Masterwork single-slot-scarcity allowance, same as the rest of this Torso cluster."
I072-L5,Lifeforce Plate (L5),Masterwork,5,15.0,1,15,0.0,Protected:2(refill),"Level-5 clause tops the wearer back up to 2 stacks whenever below that, so both the base refill and the bonus stack are assumed to fire together at the same ~2.5/encounter rate. Value = 2.5 x Protected(2)=6 = 15, Net = 15-15 = 0, an exact fit at the Level-5 threshold -- see the L3 row's note for the full derivation and the rejected stricter alternative."
I070-L2,Coat of Knit Flesh (L2),Masterwork,2,12.0,1,12,0.0,"Bleeding:3(ignored, once/day)","Re-tuned per the corrected once/day Target (Level x6, not x4): bumped from preventing 2 to 3 stacks/day to land exactly on Target again. Value = 3 x 4 = 12, Net = 12-12 = 0. [Target corrected: once/day Target now (Level x3) x 2 encounters/day = Level x6, not the old Level x4 -- tied directly to the standard per-encounter Target instead of a separately-derived constant. See balance.md's Scoping window section.]"
I070-L4,Coat of Knit Flesh (L4),Masterwork,4,24.0,1,24,0.0,"Bleeding:6(ignored, once/day)","Re-tuned per the corrected once/day Target (Level x6, not x4): bumped from preventing 4 to 6 stacks/day to land exactly on Target again. Value = 6 x 4 = 24, Net = 24-24 = 0. [Target corrected: once/day Target now (Level x3) x 2 encounters/day = Level x6, not the old Level x4 -- tied directly to the standard per-encounter Target instead of a separately-derived constant. See balance.md's Scoping window section.]"
I068-L1,Dauntless Wrap (L1),Masterwork,1,3.0,1,6,-3.0,"Protected:3(once/day, 1/3 realized)","[Thrice the enhancement's Level] stacks of Protected, granted the first time each day the wearer would be Downed, before that Health loss lands. Flat once/day Protected-stack pricing (stacks x 3) wildly overshot Target (+5 to +25 across Levels) -- that rate assumes stacks realized gradually across a normal fight, not a single guaranteed lump delivered at the one moment it's certain to matter. Discounted instead by realized trigger frequency: not every day produces a hit that would Down the wearer at all, and even then it has to land on this specific character rather than another party member -- landed on roughly once every 3 adventuring days (comparable rarity to the established Poison-frequency convention, scaled to a per-day cadence), folding in the designer's own point that a fight bad enough to threaten a Down is already a losing one, so this only ever helps when things are going poorly. Rescoped per the once/day convention (Target = Level x 4). [Target corrected to Level x6 (6) per the once/day formula fix -- Net now -3.0, deeper below Target than before, but NOT re-tuned: this item was already deliberately discounted for genuine rarity/leeway per the designer's own call, unlike Coat of Knit Flesh's explicit 'should be on target' request. See balance.md's Scoping window section.]"
I068-L2,Dauntless Wrap (L2),Masterwork,2,6.0,1,12,-6.0,"Protected:6(once/day, 1/3 realized)","[Thrice the enhancement's Level] stacks of Protected, granted the first time each day the wearer would be Downed, before that Health loss lands. Flat once/day Protected-stack pricing (stacks x 3) wildly overshot Target (+5 to +25 across Levels) -- that rate assumes stacks realized gradually across a normal fight, not a single guaranteed lump delivered at the one moment it's certain to matter. Discounted instead by realized trigger frequency: not every day produces a hit that would Down the wearer at all, and even then it has to land on this specific character rather than another party member -- landed on roughly once every 3 adventuring days (comparable rarity to the established Poison-frequency convention, scaled to a per-day cadence), folding in the designer's own point that a fight bad enough to threaten a Down is already a losing one, so this only ever helps when things are going poorly. Rescoped per the once/day convention (Target = Level x 4). [Target corrected to Level x6 (12) per the once/day formula fix -- Net now -6.0, deeper below Target than before, but NOT re-tuned: this item was already deliberately discounted for genuine rarity/leeway per the designer's own call, unlike Coat of Knit Flesh's explicit 'should be on target' request. See balance.md's Scoping window section.]"
I068-L3,Dauntless Wrap (L3),Masterwork,3,9.0,1,18,-9.0,"Protected:9(once/day, 1/3 realized)","[Thrice the enhancement's Level] stacks of Protected, granted the first time each day the wearer would be Downed, before that Health loss lands. Flat once/day Protected-stack pricing (stacks x 3) wildly overshot Target (+5 to +25 across Levels) -- that rate assumes stacks realized gradually across a normal fight, not a single guaranteed lump delivered at the one moment it's certain to matter. Discounted instead by realized trigger frequency: not every day produces a hit that would Down the wearer at all, and even then it has to land on this specific character rather than another party member -- landed on roughly once every 3 adventuring days (comparable rarity to the established Poison-frequency convention, scaled to a per-day cadence), folding in the designer's own point that a fight bad enough to threaten a Down is already a losing one, so this only ever helps when things are going poorly. Rescoped per the once/day convention (Target = Level x 4). [Target corrected to Level x6 (18) per the once/day formula fix -- Net now -9.0, deeper below Target than before, but NOT re-tuned: this item was already deliberately discounted for genuine rarity/leeway per the designer's own call, unlike Coat of Knit Flesh's explicit 'should be on target' request. See balance.md's Scoping window section.]"
I068-L4,Dauntless Wrap (L4),Masterwork,4,12.0,1,24,-12.0,"Protected:12(once/day, 1/3 realized)","[Thrice the enhancement's Level] stacks of Protected, granted the first time each day the wearer would be Downed, before that Health loss lands. Flat once/day Protected-stack pricing (stacks x 3) wildly overshot Target (+5 to +25 across Levels) -- that rate assumes stacks realized gradually across a normal fight, not a single guaranteed lump delivered at the one moment it's certain to matter. Discounted instead by realized trigger frequency: not every day produces a hit that would Down the wearer at all, and even then it has to land on this specific character rather than another party member -- landed on roughly once every 3 adventuring days (comparable rarity to the established Poison-frequency convention, scaled to a per-day cadence), folding in the designer's own point that a fight bad enough to threaten a Down is already a losing one, so this only ever helps when things are going poorly. Rescoped per the once/day convention (Target = Level x 4). [Target corrected to Level x6 (24) per the once/day formula fix -- Net now -12.0, deeper below Target than before, but NOT re-tuned: this item was already deliberately discounted for genuine rarity/leeway per the designer's own call, unlike Coat of Knit Flesh's explicit 'should be on target' request. See balance.md's Scoping window section.]"
I068-L5,Dauntless Wrap (L5),Masterwork,5,15.0,1,30,-15.0,"Protected:15(once/day, 1/3 realized)","[Thrice the enhancement's Level] stacks of Protected, granted the first time each day the wearer would be Downed, before that Health loss lands. Flat once/day Protected-stack pricing (stacks x 3) wildly overshot Target (+5 to +25 across Levels) -- that rate assumes stacks realized gradually across a normal fight, not a single guaranteed lump delivered at the one moment it's certain to matter. Discounted instead by realized trigger frequency: not every day produces a hit that would Down the wearer at all, and even then it has to land on this specific character rather than another party member -- landed on roughly once every 3 adventuring days (comparable rarity to the established Poison-frequency convention, scaled to a per-day cadence), folding in the designer's own point that a fight bad enough to threaten a Down is already a losing one, so this only ever helps when things are going poorly. Rescoped per the once/day convention (Target = Level x 4). [Target corrected to Level x6 (30) per the once/day formula fix -- Net now -15.0, deeper below Target than before, but NOT re-tuned: this item was already deliberately discounted for genuine rarity/leeway per the designer's own call, unlike Coat of Knit Flesh's explicit 'should be on target' request. See balance.md's Scoping window section.]"
I177,Fitted Armor,Masterwork,2,7.5,1,6,1.5,"Resist:1(Physical, tank assumption 1.5x hits)","Reworked from '-1 Might Requirement' (no documented mechanical consequence exists anywhere in rulebook.md for failing a Might Requirement, so the old text was unpriceable) into a flat +1 Physical Resist grant -- the Physical-damage sibling of Elemental-Resistant Armor, except Physical doesn't need a chosen-element pick since it's always relevant. Priced against the assumption that only a tank/bruiser playstyle picks this up (per the designer: the item should be balanced for who actually buys it, not an average character) -- takes 50% more attacks than the party-average baseline, so Physical Resist's own rate scales with the hit-count term: 5.0 x 1.5 = 7.5/point. Value = 1 x 7.5 = 7.5. Landed on Level 2 (Target 6, Net +1.5) over Level 3 (Net -1.5) since this grant carries no risk or guesswork the way Elemental-Resistant Armor's chosen-element bet does -- a tank gets full, guaranteed value every fight, so it doesn't need the same below-Target discount used elsewhere in this cluster for a riskier pick; the built-in self-selection (only the right build wants it) already does the limiting work instead."
I071,Fortified Armor,Masterwork,3,1.875,1,9,-7.125,"Resist:1(conditional, Extra Success trigger, tank assumption 1.5x hits)","Reworded from 'a red card was flipped' -- a stale reference to an older design where Hearts/Diamonds paired with bonus successes. Current rules tie Extra Successes (and their +1 damage) to matching the attacking Skill's own single governing suit, not a fixed red/black split (rulebook.md), so the accurate current-rules trigger is 'the attack scored an Extra Success' -- this also fixes the item to actually do what it was designed for: soften spikes specifically on the hits that already dealt bonus damage, not an arbitrary half the deck. Priced at the honest suit-match rate (25%, the established suit-scaling convention) x Physical Resist's rate (5.0) x tank assumption (1.5x hits, per the designer -- this is a consistent-protection item for a tank dealing with many attacks): Value = 0.25 x 5.0 x 1.5 = 1.875, Net = 1.875-9 = -7.125, the deepest Net in this cluster. Accepted deliberately, not as a miss: per the designer, this is meant to have a higher ceiling than a flat expected-value model can price, since it's specifically countering burst/spike damage (a real, separately-flagged blind spot in the Resist model -- see balance_weights_notes.md) rather than shaving average damage, and there's real design headroom to expand which enemies can score Extra Successes (e.g. Good Luck to hit) going forward. Preferred leaving this underpowered by the flat model over inflating it to hit a Net the model can't actually justify."
I105,Sash of Deep Pockets,Masterwork,3,4.583,1,9,-4.42,"FreeRetrieval-equiv:1(capacity), LargeObject:2(worn-only)","Bumped to Level 3 and reworked into 'the biggest bag you can wear' -- modeled against Placeholder's Spacious Satchel (I115, Other slot, L3, 60 Gold, 100 cubic meters) at the same price point, scaled down (20 cubic meters, 'about the size of a small closet,' same phrasing style as the Satchel's own text) since the Satchel is meant to stay the enormous option; this item's identity is being worn and always accessible instead. Removal drawback added (everything falls out immediately if taken off) as the countermeasure against using it as a Satchel substitute -- a narrative/logistics deterrent, not priced as a discount since it doesn't affect combat value. Capacity (per-encounter reframe, 2.75) + 2 large-object slots (up from 1, since size is now effectively unrestricted rather than 1m-capped: 2 x 0.917 = 1.833) = 4.583, Target (L3, per-encounter) = 9, Net = -4.42."
I189,Placeholder's Bottomless Belt,Masterwork,1,2.75,1,3,-0.25,"FreeRetrieval-equiv:1(capacity, per-encounter)","Reframed per the designer's steer: the value isn't an occasional capacity-crunch event, it's the everyday convenience of not juggling what's in easy (1 AP) vs. hard (2 AP) reach -- items that would sit in the backpack now sit in the belt, every fight, not once a day. That's the same AP-saved-on-retrieval logic Quick Draw Belt uses, so this is now scoped per-encounter (Target = Level x3), not once/day (Level x6). Value = 1 realistic retrieval x 1 AP saved (2.75) = 2.75, Net = 2.75-3 = -0.25."
I106,Smuggler's Belt,Masterwork,2,6.7,1,6,0.7,"FreeRetrieval-equiv:1(capacity), ItemTransfer:1(0 AP, willing ally), Secrecy:2xGoodLuck(0.25 freq)","Reworked: 8 pouches (up from 5, flavor only -- still under the 3-slot realistic ceiling, no separate capacity credit beyond the shared base). New ability: for 0 AP, transfer an item to a willing ally within sight -- priced as a flat 1-AP-equivalent credit (2.75), not a per-encounter-frequency estimate, per the designer's framing that this is contingent on how many items actually get moved, not assumed combat-frequency use. Secrecy revised: 2x Good Luck (2.4 each = 4.8) at the corrected every-other-day frequency -- since the baseline is per-encounter with 2 encounters/day, 'every other day' = 1 occurrence per 4 encounters = 0.25, not the 0.5 used last round: 4.8 x 0.25 = 1.2. Value = 2.75 (base capacity, per-encounter reframe) + 2.75 (item transfer) + 1.2 (secrecy) = 6.7, Target (L2) = 6, Net = 0.7."
I209,Mendicant's Cord,Masterwork,2,1.375-4.125 (context-dependent),1,6,-4.625 to -1.875,"DefenseToggle:GoodLuck/BadLuck(Dodge&Parry vs Vital/Mental/Instinct groups, 0 AP, self-only)","MECHANIC REWORKED entirely -- the old flat 2-point Defense-shift (""didn't feel good to the designer"") replaced with: on your turn, 0 AP, choose either Dodge&Parry or Vital/Mental/Instinct Defenses; until you choose again, attacks against the chosen group have Bad Luck, the other group Good Luck (reuses Harried's/Vulnerable's own established Defense-group split). Good Luck and Bad Luck are priced identically (2.2 each): Value = 2.2xD, where D = net extra hits landing on the protected group vs. the weakened one. Using the 1.875-hits/player/encounter baseline as the ceiling, D maxes at 1.875 -> best case Value = 4.125, which CANNOT reach Level 2's Target (6) under any circumstance -- a hard structural cap from the encounter's own combat math, not a judgment call. Realistic range: ~1.375 (a genuinely mixed encounter, using Resist's own 2/3-1/3 damage-share split as the read-accuracy proxy) up to near the 4.125 ceiling (a well-read, consistently lopsided encounter). Per the designer, accepted at Level 2 anyway -- many real encounters ARE consistently lopsided, so realized value skews well above the pessimistic blended estimate even though it can never fully close the gap. Reflavored as an actual ring (mendicant-order knotted-cord imagery) while keeping the name; targeting narrowed to self-only (the ""or a willing adjacent creature"" option was cut). [Supersedes this row's earlier pre-rework value (flat Value=2.0), which priced the original point-shifting mechanic.]"
I220,Quick Draw Belt,Masterwork,2,5.5,1,6,-0.5,"FreeRetrieval:1(once/encounter, any location)","Modeled on the Quick Draw Technique (T039, 'It takes you 0 AP to retrieve or store an item, regardless of location') scoped down to one realistic use/encounter rather than always-on, since a Technique is a permanent trait and should stay strictly stronger than replaceable gear covering the same niche. Priced against the backpack case (2 AP normally, saves 2 AP = 5.5), since 'regardless of location' is the whole point of the ability -- this item doesn't carry the Storage family's capacity credit, since its own text doesn't grant extra pouches. Value = 5.5, Net = 5.5-6 = -0.5 (Level 2, per-encounter Target), landing at the Technique's own Level without forcing it. (Superseded the earlier merged 'Belt of the Wayfarer' design, which combined this ability with unlimited-size capacity at Level 3 -- split into this item plus Sash of Deep Pockets' own rework.)"
I221,Hair-Trigger Belt,Masterwork,4,11.0,1,12,-1.0,"FreeRetrieval:2(Interrupt, any location)","Same Quick Draw (T039) anchor as Belt of the Wayfarer, but Interrupt-timed instead of a normal action -- lets the wearer react to new information (a revealed threat, an enemy's declared attack) rather than committing blind, which this pricing treats as the value driver for the Level jump over the once/encounter version, not a separate 'reactive premium' on top of the AP math. No unlimited-object-size credit here (kept a distinct identity from Belt of the Wayfarer's capacity focus). Estimated 2 real Interrupt-worthy trigger moments per encounter (an ambush, an emergency swap) -- this specific count is a genuine judgment call with no clean precedent, flagged for revisiting. Each retrieval priced at the backpack-case 2 AP saved (5.5). Value = 2x5.5 = 11.0, Net = 11.0-12 = -1.0 (Level 4). [Wording updated: rules text no longer states an explicit 'twice per encounter' cap -- per the designer, price it as though unlimited, trusting realistic play patterns (about 2 real Interrupt-worthy moments per fight) to hold in practice rather than writing a hard rule. Pricing unchanged (Value 11.0, Net -1.0) since it still reflects the same 2-uses-per-encounter realistic estimate -- a player exceeding that is an earned outcome, not something to price against.]"
I222,Belt of the Wayfarer,Masterwork,2,6.0,1,12,-6.0,"MundaneGoods:free, PotionBudget:2Levels(once/day)","Mundane Adventurer's Kit items price at essentially zero (flavor/logistics convenience, same treatment as Jerkin of the Land's nourishment effect -- not a real Value driver). The daily Potion budget is the real component: 'Potions worth up to 2 Levels total' (either two Windrunner's Draughts [L1] or one Thornskin Elixir [L2]) is a point-budget design, not a flat cap -- both spending options land at exactly the same raw value (2x3=6 for two L1 Potions, 1x6=6 for one L2 Potion) since Potion Target scales linearly with Level, so the choice doesn't matter for pricing purposes. Value = 6, Target (L2, once/day -- this component is genuinely a daily resource, unlike the AP-saved-on-retrieval items above) = 12, Net = -6, matching the same -3xLevel shape Dauntless Wrap's intentional discount already established. FLAG for future expansion: only 2 Potions are currently eligible (a deliberate proof-of-concept-sized list per the designer); add more non-healing, non-Poison, non-Grenade buff Potions to the eligible pool as they're created, and consider whether other item types (not just Potions) could eventually round out the daily budget too."
I223,Placeholder's Grasping Gloves,Masterwork,1,1.0,1,3,-2.0,NarrativeUtility:1/3xTarget,"Scoped-down item version of Tender Telekinesis (T095) -- kept the Technique's own 2 AP cost and fixed the range at 5m (was Skill-Total-scaled) so it doesn't outclass the permanent Technique or require the wearer to have Sorcery/Theurgy. Narrative Utility item (mostly exploration/puzzle value, explicitly barred from attacking) -- priced via the labeled-guess convention, Value = 1/3 x Target = 1/3 x 3 = 1, Net = 1-3 = -2. Per the designer: deliberately not optimized, a fun quirky Level-1 pickup, not a min-max pick."
I224,Vanishing Gloves,Masterwork,1,6.25,1,6,0.25,FreeGrenade:Smokejar(once/day),"Once/day, conjures a free Smokejar (I031) into the wearer's hand. Granting a copy of an already-priced Grenade makes this clean to cost directly off that item's own established Value: Value = 6.25 (Smokejar's own Value), Target (once/day, Level x6) = 6, Net = 6.25-6 = 0.25 -- about as tight a fit as this pass has produced. Immaculate Adhesive ('the glue') was considered as the alternative grant but fits less cleanly (would land at Net -1.875)."
I075,Armory Gauntlets,Masterwork,1,3.55,1,3,0.55,"FreeRetrieval-equiv:1(tier-1), Concealment:GoodLuck-tier(tier-1/3)","Situational Multiplier tiers per balance_weights.csv: 1=every encounter, 1/2=once/day, 1/3=rarer than daily (niche) -- don't calculate finer gradations, an item landing underpowered here needs redesign, not a more precise discount. Reworked from knightly 'Armory' theming into a smuggling item -- conjures any single weapon at will, 0 AP, and is undetectable by anyone unfamiliar with this specific pair. Two components: (1) conjuring treated as a draw-speed saving, tier-1 (every encounter -- drawing a weapon happens nearly every fight): 1 AP saved x 2.75 = 2.75. (2) Concealment priced like Smuggler's Belt's secrecy, tier-1/3 (rarer than daily -- someone actually searching you): Good Luck-tier (2.4) x 1/3 = 0.8. Value = 2.75+0.8 = 3.55, Target (L1) = 3, Net = 0.55."
I076,Deft Gloves,Masterwork,2,1.7,1,6,-4.3,"GoodLuck:non-attack-Craft(tier-1/2), TinkerTools:flat0.5","Situational Multiplier tiers per balance_weights.csv: 1=every encounter, 1/2=once/day, 1/3=rarer than daily (niche) -- don't calculate finer gradations, an item landing underpowered here needs redesign, not a more precise discount. Broadened from 'Craft for small devices/locks only' to all non-attack Craft flips, per the designer's steer, to see the value this unlocks. Good Luck on a now-unrestricted single Skill: tier-1/2 (once/day -- genuine recurring need, not every fight): 2.4 x 0.5 = 1.2. Tinker's-tools equivalence (no separate equipment needed for small devices) priced as a flat convenience credit, 0.5, same shape as the Storage family's 'removes GM friction' treatment. Value = 1.2+0.5 = 1.7, Target (L2) = 6, Net = -4.3."
I153,Field Surgeon's Handwraps,Masterwork,2,1.2,1,6,-4.8,GoodLuck:Medicine(tier-1/2),"Situational Multiplier tiers per balance_weights.csv: 1=every encounter, 1/2=once/day, 1/3=rarer than daily (niche) -- don't calculate finer gradations, an item landing underpowered here needs redesign, not a more precise discount. Good Luck on all Medicine flips -- per the designer, several Techniques call for Medicine flips directly, so this is genuine recurring demand, not a niche trigger: tier-1/2 (once/day). Value = 2.4 x 0.5 = 1.2, Target (L2) = 6, Net = -4.8."
I225,Nimble Fingers,Masterwork,2,0.8,1,6,-5.2,GoodLuck:Stealth-to-steal(tier-1/3),"Situational Multiplier tiers per balance_weights.csv: 1=every encounter, 1/2=once/day, 1/3=rarer than daily (niche) -- don't calculate finer gradations, an item landing underpowered here needs redesign, not a more precise discount. Reworked from an active 'as a Move, opposed Stealth check' ability into a passive Good Luck bonus on Stealth flips made specifically to steal or lift an item unnoticed, per the designer's steer -- matches the Deft Gloves/Field Surgeon's Handwraps pattern. Kept narrow (stealing specifically, not all Stealth), so tier-1/3 applies, not the broader 1/2 Deft Gloves/Field Surgeon's now use: 2.4 x 1/3 = 0.8, Target (L2) = 6, Net = -5.2."
I077,Mighty Mitts,Masterwork,3,2.8,1,9,-6.2,"IgnorePenalty:flat0.5, GoodLuck:Might-destroy(tier-1/3), DailyBurst:guess1.5","Situational Multiplier tiers per balance_weights.csv: 1=every encounter, 1/2=once/day, 1/3=rarer than daily (niche) -- don't calculate finer gradations, an item landing underpowered here needs redesign, not a more precise discount. Three components: (1) ignore no-tools penalties on Might-break checks, flat convenience credit 0.5, same shape as Deft Gloves' tinker's-tools clause. (2) Good Luck on Might flips to move/destroy things -- narrow case (excludes Might attacks), tier-1/3: 2.4 x 1/3 = 0.8. (3) Once/day, 4 AP, act 'as though you had spent a minute' -- a genuinely hard-to-price extended-check skip, priced as a flagged guess (1.5) rather than derived, same labeled-guess spirit as the Narrative Utility convention even though this is only one component of a larger item, not priced via the full 1/3xTarget formula. Value = 0.5+0.8+1.5 = 2.8, Target (L3) = 9, Net = -6.2."
I154,Gloves of Spatial Distortion,Masterwork,3,3.0,1,9,-6.0,NarrativeUtility:1/3xTarget,"Reworked to pass objects only, not the wearer (was accidentally allowing the wearer to teleport through the portal, overlapping with Feet-slot Mobility items like Slipstream Sandals). Narrative Utility item (mostly exploration/puzzle value: passing an item across a barrier, retrieving something sealed away; occasional combat use is incidental) -- priced via the labeled-guess convention, Value = 1/3 x Target = 1/3 x 9 = 3, Net = 3-9 = -6."
I113,Evertoking Bottle,Masterwork,1,2.92,1,3,-0.08,"Cover(Light):1, DebuffZone:2.4avg(hit-discounted, AoE-realized)","Two components. Cover: reuses Smokejar's own established Cover(relocation) rate (1) directly, since this is the same Light Cover-from-smoke mechanic. Debuff zone: a suit-randomized attack (+6 vs Vital Defense) against anyone ending their turn in the cloud -- Necrotic 2 stacks (Spade)/Vulnerable 1 (Club)/Slowed 1 (Diamond)/Crippled 1 (Heart), uniform 25% each. Expected keyword value per landed hit: (6+1+1.1+1.5)/4=2.4, x0.5 on-hit discount (standard convention) = 1.2/instance. Estimated ~2 realized trigger-instances/encounter (same assumption AoE Grenades use) x 0.8 realization (indiscriminate, can catch allies, same AoE downside discount) = 1.2x2x0.8=1.92. Value = 1+1.92 = 2.92, Net = 2.92-3 = -0.08. FLAGGED: the +6 attack bonus is unusually generous for Level 1; used the standard 50% on-hit discount without adjusting upward for it, so this Value may be a real underestimate."
I114,Distant Scroll Cases,Masterwork,2,2.0,1,6,-4.0,NarrativeUtility:1/3xTarget,"Paired long-distance item/document-sharing cases -- pure logistics/communication, no combat angle. Narrative Utility item: Value = 1/3 x 6 = 2, Net = 2-6 = -4."
I115,Placeholder's Spacious Satchel,Masterwork,3,5.5,1,9,-3.5,"Capacity:3(1AP-equiv), LargeObject:3(unrestricted size)","Priced via the Storage capacity model (not Narrative Utility), same reasoning as Sash of Deep Pockets -- this is a direct storage item. Base capacity (2.75, 3-slot ceiling) + 3 large-object slots at the established rate (0.917 each) -- credited the full 3-slot ceiling rather than Sash's 2, since this item's 100-cubic-meter volume and head-sized opening both exceed Sash's own numbers: 2.75 + 3x0.917 = 5.5. Per-encounter Target (L3) = 9, Net = -3.5. Doesn't need Sash's 'falls out if removed' drawback -- not being worn is already a real downside (easier to be separated from) on its own."
I162-CUT,Immaculate Spice Rack (cut),Masterwork,1,0,0,0,0,CUT,"Cut entirely, not priced -- per the designer, the game has few Craft flips for creating items in actual play, making this item's cooking-specific Good Luck largely irrelevant. Placeholder's Wondrous Workspace (the universal tool-requirement waiver) absorbs its thematic niche instead. Zero cross-references, removed cleanly from items.csv."
I163,Unmovable Bar,Masterwork,1,1.0,1,3,-2.0,NarrativeUtility:1/3xTarget,"Pure anchor-point prop -- no Skill flip, no combat application. Narrative Utility item: Value = 1/3 x 3 = 1, Net = 1-3 = -2."
I164,Placeholder's Indelible Instrument,Masterwork,1,0.0,1,3,-3.0,OutOfModel,"Fully out-of-model, same treatment as Travel Rations -- per the designer, this is the most purely narrative item in this batch (a permanent-marking pen with no Skill flip, no combat use, pure roleplay value). Value = 0 (not even the Narrative Utility token credit), Net = -Target = -3. Not a balance concern, just not what this model prices."
I165,Placeholder's Wondrous Workspace,Masterwork,2,2.0,1,6,-4.0,ToolWaiver:flat2.0(universal),"Universal tool/kit-requirement waiver for any crafting School -- same shape as Deft Gloves' 'counts as tinker's tools' clause, but much broader (every School, not just small devices), and now the sole tool-substitute item in the catalog since Immaculate Spice Rack's cut. Priced as a bigger flat convenience credit than Deft Gloves' narrow version (0.5): Value = 2.0, Target (L2) = 6, Net = -4.0."
I107,Swim Flippers,Masterwork,1,1.0,1,3,-2.0,NarrativeUtility:1/3xTarget,"Renamed from Cobblestone Boots; swim with no penalty, at full Speed. No AP/hit-chance anchor -- swimming only costs 1/space from the Athletics budget, the same gentle horizontal rate as jumping, so most reasonably-built characters can likely already swim at full Speed without this. Narrative Utility item: Value = 1/3x3 = 1, Net = 1-3 = -2. A no-need-to-breathe-underwater clause was considered then cut -- per the designer, that belongs to a different slot's job (see Diver's Necklace, Neck)."
I108,Feathered Sandals,Masterwork,1,4.0,1,3,+1.0,"FallDamagePrevention:up-to-10m(guaranteed, any fall)","Ignores up to 10m of distance for fall-damage purposes. Moved off plain Narrative Utility once its old ""flip to avoid falling damage"" wording was found stale (fall damage is a flat calculation now, no flip) -- this prevents guaranteed Health loss, priced via Health's own guaranteed-harm rate (4/point) directly. Constructed representative case (6m fall, baseline reduction 3, matching the ""baseline stat=3"" pattern used for Body/Agility elsewhere): Prevented = (6-3)x4 = 12 raw, realized at the 1/3 ""rarer than daily, niche"" tier: 12x1/3 = 4.0. Net = 4.0-3 = +1.0 (Level 1). The 6m/reduction-3 case is a constructed placeholder, not a firm derivation -- flagged as a first stab, open to a better representative fall if one turns up."
I109-L1,Lightfoot Shoes (L1),Masterwork,1,2.54,1,3,-0.46,"Speed:+1(permanent, continuously active)","Flat +Level Speed, worn continuously -- uses the newly-derived Speed(permanent/gear) rate (2.54375/point, not the single-instance 0.55/point) since this is live for the whole encounter, not a one-shot move: derived from the game's own AP economy (4 AP/turn, 2 AP/attack, half of turns spend all 4 AP on 2 attacks, the other half split 85/15 between a second move and a wasted/utility AP) -> 4.625 moves/encounter x 0.55 = 2.54375. Value = 1x2.54375 = 2.54. Lands at a flat ~85% of Target every Level -- accepted as a modest, real shortfall (not a pricing-model blind spot the way Torso Resist's allowance was, since Speed's 0.55 base rate already is the felt-value number)."
I109-L2,Lightfoot Shoes (L2),Masterwork,2,5.09,1,6,-0.91,"Speed:+2(permanent, continuously active)","Flat +Level Speed, worn continuously -- uses the newly-derived Speed(permanent/gear) rate (2.54375/point, not the single-instance 0.55/point) since this is live for the whole encounter, not a one-shot move: derived from the game's own AP economy (4 AP/turn, 2 AP/attack, half of turns spend all 4 AP on 2 attacks, the other half split 85/15 between a second move and a wasted/utility AP) -> 4.625 moves/encounter x 0.55 = 2.54375. Value = 2x2.54375 = 5.09. Lands at a flat ~85% of Target every Level -- accepted as a modest, real shortfall (not a pricing-model blind spot the way Torso Resist's allowance was, since Speed's 0.55 base rate already is the felt-value number)."
I109-L3,Lightfoot Shoes (L3),Masterwork,3,7.63,1,9,-1.37,"Speed:+3(permanent, continuously active)","Flat +Level Speed, worn continuously -- uses the newly-derived Speed(permanent/gear) rate (2.54375/point, not the single-instance 0.55/point) since this is live for the whole encounter, not a one-shot move: derived from the game's own AP economy (4 AP/turn, 2 AP/attack, half of turns spend all 4 AP on 2 attacks, the other half split 85/15 between a second move and a wasted/utility AP) -> 4.625 moves/encounter x 0.55 = 2.54375. Value = 3x2.54375 = 7.63. Lands at a flat ~85% of Target every Level -- accepted as a modest, real shortfall (not a pricing-model blind spot the way Torso Resist's allowance was, since Speed's 0.55 base rate already is the felt-value number)."
I109-L4,Lightfoot Shoes (L4),Masterwork,4,10.18,1,12,-1.82,"Speed:+4(permanent, continuously active)","Flat +Level Speed, worn continuously -- uses the newly-derived Speed(permanent/gear) rate (2.54375/point, not the single-instance 0.55/point) since this is live for the whole encounter, not a one-shot move: derived from the game's own AP economy (4 AP/turn, 2 AP/attack, half of turns spend all 4 AP on 2 attacks, the other half split 85/15 between a second move and a wasted/utility AP) -> 4.625 moves/encounter x 0.55 = 2.54375. Value = 4x2.54375 = 10.18. Lands at a flat ~85% of Target every Level -- accepted as a modest, real shortfall (not a pricing-model blind spot the way Torso Resist's allowance was, since Speed's 0.55 base rate already is the felt-value number)."
I109-L5,Lightfoot Shoes (L5),Masterwork,5,12.72,1,15,-2.28,"Speed:+5(permanent, continuously active)","Flat +Level Speed, worn continuously -- uses the newly-derived Speed(permanent/gear) rate (2.54375/point, not the single-instance 0.55/point) since this is live for the whole encounter, not a one-shot move: derived from the game's own AP economy (4 AP/turn, 2 AP/attack, half of turns spend all 4 AP on 2 attacks, the other half split 85/15 between a second move and a wasted/utility AP) -> 4.625 moves/encounter x 0.55 = 2.54375. Value = 5x2.54375 = 12.72. Lands at a flat ~85% of Target every Level -- accepted as a modest, real shortfall (not a pricing-model blind spot the way Torso Resist's allowance was, since Speed's 0.55 base rate already is the felt-value number)."
I110,Slipstream Sandals,Masterwork,2,5.5,1,6,-0.5,"AttackEnabler:Teleport3m(once/encounter, 0 AP)","Once/encounter, 0 AP, Teleport 3 meters -- priced as an attack-enabler, not raw movement (per the designer, ""you only use them if you need the extra to hit a breakpoint""; does nothing on a turn already in range, does nothing if too far out for even the extra 3m to matter). Value = cost of landing the attack it enables (2 AP x 2.75 = 5.5) x frequency it's the deciding factor (100%, per the designer, since a player who takes this finds a way to use it well basically every fight) = 5.5. Net = 5.5-6 = -0.5. 3m deliberately anchored to ""one stack short of Slowed's own 4-stack hard cap"" (guarantees the crucial move still gets through under near-maximal Slowed without fully trivializing it), not an arbitrary flavor number."
I111,Vaulting Boots,Masterwork,3,9.3,1,9,+0.3,"AttackEnabler:5.5, FallSafety:1, VerticalBypass:2, GoodLuck(1/3 tier):0.8","Once/encounter, 1 AP, jump up to 10m in any direction -- rebuilt after the running-start rule was cut outright (the old ""without requiring a running start or a flip"" wording implied a flip-guarantee credit that no longer applies; replaced with a Good Luck grant instead). Value = attack-enabler (same basis as Slipstream Sandals, 5.5) + fall-safety flat credit (1) + vertical-jump-flexibility bypassing the Athletics budget's steep 2-per-space vertical cost (+2, one step above fall-safety's own +1) + Good Luck on jump-related flips at the 1/3 ""rarer than daily"" tier (2.4x1/3 = 0.8) = 9.3. Net = 9.3-9 = +0.3 -- lands close to Target on its own, no accept-below-Target allowance needed."
I112,Greaves of the Stalwart Guardian,Masterwork,2,5.5,1,6,-0.5,"ImmovabilityOnHit:1.1(25% realized), SlowedImmunity:4.4(25% realized)","Redesigned from a guessed 3-component Level 5 item (immovability, ignore 3 degrees Difficult Terrain, 5 charges/encounter to negate Slowed) down to 2 components at Level 2, after features.csv showed Push (Lodestone, F010) and Slowed (Hamstring F008/Frigid F071) are both cheapest-tier Basic Features on the most generic, broadly-available Buildable techniques -- not niche at all. Difficult Terrain component dropped entirely (duplicates Surestride Boots' own job at no extra value; the rule itself floors movement at 1m/action past degree 2, so ignoring 3 degrees protects no more than Surestride's 2 already does). Slowed-negation replaced with outright immunity (dropping an unpriceable 5-charge tracked resource). Per the designer, the two triggers split one shared ""about half of fights feature either a Push- or a Slow-relevant threat"" -- 25% each: immovability representative hit (8m x 0.55/meter = 4.4) x 0.25 = 1.1; Slowed immunity full cap (17.6) x 0.25 = 4.4. Value = 1.1+4.4 = 5.5. Rather than stretch the effect to justify Level 5, dropped to Level 2 (Target 6). Net = 5.5-6 = -0.5, the same modest-shortfall shape as Surestride Boots' own -0.75."
I155,Shadowcat Slippers,Masterwork,2,4,~2/encounter,6,-2,"WallRun:fullSpeed(continuous, whole encounter)","Unconditional wall-running at full Speed for the whole encounter -- structurally the same ""permanent, flat-credit, vertical-Athletics-budget-bypass"" shape as Vaulting Boots' own +2 rider, but continuously available rather than gated to one guaranteed use. Not built on a hard per-meter/per-move rate -- Vaulting Boots' own +2 was already a soft, constructed flat credit, and multiplying a soft guess by an assumed frequency compounds uncertainty rather than resolving it. Assumed ~2 meaningful uses/encounter where vertical mobility actually matters (same order of magnitude as Greaves of the Warlock King's own ""2 uses"" figure): Value ~ 2x2 = 4. Net = 4-6 = -2 -- better than the original Narrative Utility -4, but flagged explicitly as the least-grounded number of the Feet-slot items revisited this pass, likely still wants a real redesign pass rather than being treated as settled."
I156,Greaves of the Warlock King,Masterwork,5,16.5,2 rescue + 2 cheap-saver,15,+1.5,"Teleport:2xSpeed(once/turn, 1 AP, repeatable up to 5x/encounter)","Once/turn, 1 AP, Teleport 2xSpeed meters (8m at baseline Speed 4) -- a two-mode engine, not a single flat rate, since it's repeatable up to 5 times across a Baseline encounter: cheap-saver mode (gap already <=9m, just does the same job for less AP -- 1 AP saved x 2.75 = 2.75/use) and rescue mode (gap 10-13m, the full ""costs the attack"" zone from the range breakpoints derivation -- full attack-enabler value, 5.5/use). Per the designer, a player who takes this finds ways to make the extra margin count, landing at 2 rescue + 2 cheap-saver uses/encounter: Value = 2x5.5 + 2x2.75 = 11+5.5 = 16.5. Net = 16.5-15 = +1.5."
I188,Surestride Boots,Masterwork,3,8.25,1,9,-0.75,DifficultTerrainImmunity:full(ignores the effects of),"Simplified from ""ignores 2 degrees of Difficult Terrain"" to ""ignores the effects of Difficult Terrain"" -- a pure wording simplification, not a power change, since Difficult Terrain's own rate hard-caps at degree 2 (0/2.75/8.25/8.25 for degrees 0/1/2/3+; the rule itself floors movement throughput at 1m/action once terrain hits degree 2, so degree 3+ was never worse to a mover than degree 2 already was). Value stays at the full capped rate, 8.25 -- the cleanest, most directly-derived number in the whole Feet slot, no construction or guesswork needed. Net = 8.25-9 = -0.75, unchanged through both wording passes."
I060,Confident Cap,Masterwork,2,1.2,1/2,6,-4.8,"GoodLuck:Persuasion(outside social contest, 1/2 tier)","Redesigned from a defunct ""front/Concession"" social-contest mechanic (referencing rules -- ""front,"" ""Concession"" -- that no longer exist under the current Statements/Pressure system) into a Good Luck grant on Persuasion flips made outside a social contest. Value = 2.4 (Good Luck) x 0.5 (1/2 ""genuine recurring demand"" tier) = 1.2. Pegged to Level 2 (not the model's own preferred Level 1, which would read Net -1.8) to match existing same-shape Hands-slot precedent (Field Surgeon's Handwraps, Deft Gloves, Nimble Fingers, all Level 2, none yet run through this model) rather than trusting the model over live precedent. Net = 1.2-6 = -4.8. Part of a four-item Good-Luck-on-a-Skill consolidation with Cap of Smug Confidence/Sympathetic Hat/Hat of Disguise; Stoic Skullcap (I169) retired from this family entirely (see its own CUT row)."
I168,Cap of Smug Confidence,Masterwork,2,1.2,1/2,6,-4.8,"GoodLuck:Presence(outside social contest, 1/2 tier)","Same consolidated Good-Luck-on-a-Skill family and pricing as Confident Cap (I060) -- see that row for the full derivation. Value = 2.4x0.5 = 1.2, Net = 1.2-6 = -4.8."
I170,Sympathetic Hat,Masterwork,2,1.2,1/2,6,-4.8,"GoodLuck:Rapport(outside social contest, 1/2 tier)","Same consolidated Good-Luck-on-a-Skill family and pricing as Confident Cap (I060) -- see that row for the full derivation. Value = 2.4x0.5 = 1.2, Net = 1.2-6 = -4.8."
I169-CUT,Stoic Skullcap (cut),Masterwork,2,0,0,0,0,CUT,"Retired from the Head social-hat consolidation -- its flavor (resisting OTHERS' persuasion) is defensive, not offensive, and doesn't map cleanly onto the family's ""Good Luck on your own Skill"" shape the way Confident Cap/Cap of Smug Confidence/Sympathetic Hat do. Per the designer, its name and flavor (""a sense of calm and clarity... that intensifies the more another tries to menace or win them over"") are deliberately reserved for a future Neck-slot item dealing with Pressure directly, matching Neck's ""niche, boring, passive utility"" lane better than an offensive Skill-buff family did anyway (see IDEAS_BACKLOG.md). Removed from items.csv."
I226,Hat of Disguise,Masterwork,2,1.2,1/2,6,-4.8,"GoodLuck:Masquerade(no Disguise Kit needed, 1/2 tier)","New item, a fourth Skill hat in the same family as Confident Cap/Cap of Smug Confidence/Sympathetic Hat -- Masquerade targets Insight Defense and isn't one of the three Skills a Statement uses (Presence/Rapport/Persuasion), confirmed as a genuinely separate mechanic before drafting, not a fourth flavor of the same thing. Same pricing shape: Value = 2.4 (Good Luck) x 0.5 (1/2 tier) = 1.2. Pegged to Level 2 to match the other three. Net = 1.2-6 = -4.8. ""No Disguise Kit needed"" clause left unpriced -- kits are cheap and common, a flavor-consistent convenience rather than a real value swing."
I057,Cowl of Tranquility,Masterwork,2,5.5,1/2,6,-0.5,TauntedFrightenedImmunity:full(cannot gain stacks),"Cut from a Level 1-5 charge-based range (charges scaled 1xLevel but Target scaled 3xLevel -- an ABSOLUTE, worsening-with-Level shortfall no Level fix alone could solve) down to a fixed Level 2 with outright immunity. features.csv confirms Taunted is just as common as Push/Slowed (Distracting, F004, Basic on a universal technique); no comparable Frightened-inflicting feature was found. Solved for the charge count Level 2's Target (6) would need: charges x 2.2 (Taunted/Frightened's rate) x 0.5 (1/2 tier) = Target -> charges ~ 5.45; 5 charges lands at Value = 5x2.2x0.5 = 5.5, Net = -0.5 -- but per the designer, 5 charges already covers realistic Taunted/Frightened exposure in a fight so completely that tracking it as a resource is pointless theater, functionally equivalent to outright immunity. Simplified to match (wording-only, same move as Greaves of the Stalwart Guardian's Slowed immunity and Surestride Boots' ""ignore all"") -- Value/Net unchanged."
I058,Mask of Night,Masterwork,1,2.2,1/2,3,-0.8,DarknessSightPenaltyNegation:self-only(1/2 tier),"Negates the wearer's own darkness-related sight penalty (own sight-flips only -- not the attacker's-difficulty-seeing-the-wearer side, a different beneficiary this item doesn't touch). Real anchor: total darkness counts as Heavy Cover, which gives Bad Luck twice on sight-related flips. Value = 2 x 2.2 (Bad Luck, mirrors Good Luck's rate) x 0.5 (1/2 ""genuine recurring demand"" tier, same as the social hats and Cowl of Tranquility) = 2.2. Net = 2.2-3 = -0.8."
I172,Headband of Telepathy,Masterwork,1,1,1,3,-2,NarrativeUtility:1/3xTarget,"Telepathic communication with one seen creature within 20m, for the rest of the scene. Per the designer, confirmed as-is deliberately -- no numeric anchor exists or is being sought, a ""gut feeling, niche, and that's fine"" item, not one meant to ever get a harder anchor. Narrative Utility formula: Value = 1/3x3 = 1, Net = 1-3 = -2."
I059,Lens of Daybreak,Masterwork,2,1.2,1/2,6,-4.8,GoodLuck:Awareness-sight(1/2 tier),"Good Luck on sight-specific Awareness flips. Per the designer, sight-based Awareness checks are genuinely common (spotting stealthing enemies, general perception), but the payoff per success is soft/narrative rather than a guaranteed hard one, confirming the 1/2 ""genuine recurring demand"" tier rather than the full ""every encounter"" one -- same reasoning as Mask of Night, just for a different sight-related trigger. Value = 2.4x0.5 = 1.2. Net = 1.2-6 = -4.8 -- the biggest shortfall among the Head slot's ½-tier items, since Awareness-specifically-sight is a narrower Skill-use than Mask of Night's broader darkness-negation."
I171,Wizardly Hat of Tam the Tipsy,Masterwork,3,9.0,2/encounter (uncapped upside),9,0,"TechniqueRefresh:0AP(matched-Level Alcohol, holds 12 doses internally)","Regain the use of a burned Encounter Technique (Level <= the Alcohol's own Level) whenever the wearer drinks Alcohol -- redesigned so drinking from the hat's own internal 12-dose stock costs 0 AP (first-pass 2-AP-to-drink version read as a net LOSS below Level 4, since the AP opportunity cost of 2x2.75=5.5 ate more than the benefit). Gold's established rate (1.5, Locked) applied for the first time in this document: Alcohol is worth 1.5xLevel raw Value. A technique-refresh's own worth has no established anchor, so -- per the designer's working, unverified assumption -- it's treated as equal to a same-Level item (Levelx3), making net benefit per matched-Level use exactly Alcohol's own Value again (1.5xLevel). At Level 3, 2 uses/encounter exactly hits Target: 2x4.5 = 9, Net = 0. Flagged, not resolved: with 0 AP cost and a 12-dose reserve, the real ceiling isn't anything this item controls anymore -- a character cycling through 3-4 Techniques in a hard fight could plausibly trigger this 3+ times (Value 13.5+, Net +4.5 or more). Left as-is per the designer -- a legacy item pending a future Alcohol-cost Technique suite (see IDEAS_BACKLOG.md), not something being actively rebalanced today."
I061,Crown of Glory,Masterwork,5,13.5,1/day,30,-16.5,"UNRESOLVED - CardDraw:wearer+4allies(once/day, 0 AP, must-see-wearer)","SET ASIDE, NOT RESOLVED -- flagged explicitly rather than accepted below Target like the rest of this slot. Once/day, 0 AP, wearer + up to 4 allies who can see them each draw a card. Value = 5x2.7 (Card) = 13.5 against the once/day Target=Levelx6=30, Net=-16.5 -- the largest raw gap anywhere in the Head slot. A ""wearer + 2xLevel allies"" scaling formula was worked out as a possible numeric fix (Net +2.1 at L1 down to -0.3 at L5, a tight fit), but per the designer the deeper concern isn't the Level-scaling at all -- it's whether a Head-slot item should be generating extra cards for the whole party in the first place. Generic party-wide card generation reads as more of a capstone-tier effect than a normal equipment-slot one. Set aside rather than fixed; revisit once the rest of the equipment slots have had a first pass, to work out what a genuinely capstone-appropriate Head effect looks like, rather than patch the current mechanic's numbers."
I063,Cloak of Caches,Masterwork,1,1,1,3,-2,NarrativeUtility:1/3xTarget,"Produces mundane adventuring gear (rope, flint and steel, a bowl, twine, and similar) on demand, one of each at a time. No combat mechanic. Value = 1/3x3 = 1, Net = 1-3 = -2."
I064,Diver's Necklace,Masterwork,1,1,1,3,-2,"NarrativeUtility:1/3xTarget, WaterBreathing:unconditional","Breathe water perfectly. No combat mechanic. Value = 1/3x3 = 1, Net = 1-3 = -2. Confirms an earlier call directly: Swim Flippers' (Feet) water-breathing clause was added then cut per the designer (""that would be a different slot's job"") -- this is that slot, already live with exactly that effect at exactly this Narrative Utility price."
I062-CUT,Choker of Silent Whispers (cut),Masterwork,1,0,0,0,0,CUT,"Removed -- checked against Headband of Telepathy (Head, also Level 1) and found to be a strictly WORSE version of the same idea, not a genuine alternative: half the range (10m vs 20m), a single message instead of a standing ""rest of the scene"" channel, and a visible tell (""will be able to tell... if they see the wearer whispering"") Headband of Telepathy doesn't have. Per the designer, remote-communication effects belong on Head, not Neck -- Headband of Telepathy is the correct version of the idea, this was a redundant, strictly-inferior reskin on the wrong slot."
I148,Shroud of Shadowy Stillness,Masterwork,1,1.2,1/2,3,-1.8,"GoodLuck:Stealth(while remaining still, 1/2 tier)","Good Luck on Stealth flips while wearing the shroud and remaining still -- same Good-Luck-on-a-Skill shape as the Head hats: Value = 2.4x0.5 = 1.2, unchanged. Per the designer, dropped from Level 2 to Level 1 rather than matching the Head hats' Level-2 peg -- unlike those, no existing same-shape item elsewhere in the catalog pulls this one toward Level 2, so it stays on the model's own preferred fit. Net = 1.2-3 = -1.8."
I149,Watcher's Mantle,Masterwork,2,2,1,6,-4,"NarrativeUtility:1/3xTarget, NoSleepNeeded","Never sleep, rest on your own schedule instead. No combat mechanic -- pure Narrative Utility. Value = 1/3x6 = 2, Net = 2-6 = -4. Per the designer, confirmed at Level 2 rather than dropped to Level 1 like Shroud of Shadowy Stillness -- reads as enough of a step up from the Level-1 utility items to stay where it is. Wording clarified (not the mechanic): needs one full night's rest worn continuously to activate, without receiving its own benefits during that first rest."
I150,Shawl of the Land,Masterwork,2,5.5,1/day (accepted exception to once/encounter Target),6,-0.5,"HealthOnRest:+1(guaranteed), NoFoodNeeded","Two components. +1 Health from a full night's rest: Health's own guaranteed-harm rate applied directly, 1x4 = 4. ""Doesn't need to eat or drink"": a real anchor instead of the usual Narrative Utility fallback -- Travel Rations' own Level-1 baseline material (Total Materials:1, no type) is worth its Level in Gold per convert.py's crafting convention (1 Gold), converted through the established Gold=1.5 (Locked) rate to 1.5 raw Value. Value = 4+1.5 = 5.5. Target = 6 (Level 2). Net = -0.5 -- a clean, close fit. KNOWN INCONSISTENCY, kept deliberately: both components are daily-cadence (once/rest), not per-encounter -- under the once/day Target=Levelx6 convention used elsewhere (Crown of Glory, Choker of Defiance) this should really check against Target=12, which would read as badly undervalued rather than a clean -0.5. Per the designer, left as-is -- accepted as a deliberate exception to the once/day Target convention rather than rescoped to match it, since compared against the standard per-encounter Target the number already lands well."
I174-CUT,Cape of Many Pockets (cut),Masterwork,3,0,0,0,0,CUT,"Removed -- a clean duplicate of Belt's own established lane (""carrying items""), not just a thematic overlap. Two existing Belt items already do this exact job, better: Placeholder's Bottomless Belt (I189, Level 1, 20 pouches for small objects -- the same ""many pouches"" shape, more pouches, a third the Level) and Sash of Deep Pockets (I105, Level 3, 20 cubic meters of capacity-gated storage -- bigger and more flexible at the same Level). Nothing about Cape of Many Pockets carved out real space between those two. Per the designer, cut entirely rather than ported to Belt, since Belt already covers this ground better."
I065,Snowfall Drape,Masterwork,3,8.25,1,9,-0.75,"DifficultTerrain:2degrees(Burst 1 footprint, once/encounter)","Reworked from scratch -- the old ""3-space line, [Level] degrees"" scaling both over- and under-delivered simultaneously: Difficult Terrain's own rate hard-caps at degree 2 (0/2.75/8.25/8.25 for degrees 0/1/2/3+), so Level 3-5 bought nothing extra, while the line footprint blew past Target even at Level 2 under a ""clever player bogging down enemies"" framing (2-4 creatures caught). New: footprint changed from a 3-space line to Burst 1 (worst-case straight-through crossing drops from 3m to 2m); degrees fixed at 2 (no longer Level-scaled -- a fixed magnitude, Level now just sets where it sits against Target); crossing cost stepped, not linear (0 or 1 extra action -- 1 AP's value, 2.75 -- per space actually crossed, nothing between). Priced at 3 creatures caught, each crossing the full 2m diameter: Value = 3x2.75 = 8.25. Fixed at Level 3 (Target 9). Net = 8.25-9 = -0.75 -- a clean fit."
I151-L1,Choker of Defiance (L1),Masterwork,1,5.4,2 charges,6,-0.6,"SuitPoolSift:2charges(3 cards/charge, once/day convention)","Reworked in three ways: timing moved to an Interrupt after a flip (adds sifted cards' suits to that flip's own suit pool, matching the window Play from hand already uses); suit-pool credit properly derived rather than folded into Sift's own 0.60/card rate (each sifted card is an independent 1/4 chance to match the flip's suit, worth 1/4 x 2 [Extra Success] x 0.5 [not every flip cares] = 0.25/card at the naive floor, bumped to 0.30/card as a designer judgment call for suits sometimes triggering more than a plain Extra Success -- combined 0.60+0.30 = 0.90/card); a locking clause kept deliberately (spending a charge locks the choker until the wearer's next full night's rest, ""use it or lose it,"" stopping a clever player from freely stacking the deck for the next adventuring day). 2xLevel charges, each spending 1 to Sift 3 cards: Value = 2xLevelx3x0.90 = 5.4xLevel = 5.4. Against the once/day Target=Levelx6=6, Net = -0.6 -- a clean, consistent 90% funded at every Level 1-5, not just one sweet spot."
I151-L2,Choker of Defiance (L2),Masterwork,2,10.8,4 charges,12,-1.2,"SuitPoolSift:4charges(3 cards/charge, once/day convention)","Reworked in three ways: timing moved to an Interrupt after a flip (adds sifted cards' suits to that flip's own suit pool, matching the window Play from hand already uses); suit-pool credit properly derived rather than folded into Sift's own 0.60/card rate (each sifted card is an independent 1/4 chance to match the flip's suit, worth 1/4 x 2 [Extra Success] x 0.5 [not every flip cares] = 0.25/card at the naive floor, bumped to 0.30/card as a designer judgment call for suits sometimes triggering more than a plain Extra Success -- combined 0.60+0.30 = 0.90/card); a locking clause kept deliberately (spending a charge locks the choker until the wearer's next full night's rest, ""use it or lose it,"" stopping a clever player from freely stacking the deck for the next adventuring day). 2xLevel charges, each spending 1 to Sift 3 cards: Value = 2xLevelx3x0.90 = 5.4xLevel = 10.8. Against the once/day Target=Levelx6=12, Net = -1.2 -- a clean, consistent 90% funded at every Level 1-5, not just one sweet spot."
I151-L3,Choker of Defiance (L3),Masterwork,3,16.2,6 charges,18,-1.8,"SuitPoolSift:6charges(3 cards/charge, once/day convention)","Reworked in three ways: timing moved to an Interrupt after a flip (adds sifted cards' suits to that flip's own suit pool, matching the window Play from hand already uses); suit-pool credit properly derived rather than folded into Sift's own 0.60/card rate (each sifted card is an independent 1/4 chance to match the flip's suit, worth 1/4 x 2 [Extra Success] x 0.5 [not every flip cares] = 0.25/card at the naive floor, bumped to 0.30/card as a designer judgment call for suits sometimes triggering more than a plain Extra Success -- combined 0.60+0.30 = 0.90/card); a locking clause kept deliberately (spending a charge locks the choker until the wearer's next full night's rest, ""use it or lose it,"" stopping a clever player from freely stacking the deck for the next adventuring day). 2xLevel charges, each spending 1 to Sift 3 cards: Value = 2xLevelx3x0.90 = 5.4xLevel = 16.2. Against the once/day Target=Levelx6=18, Net = -1.8 -- a clean, consistent 90% funded at every Level 1-5, not just one sweet spot."
I151-L4,Choker of Defiance (L4),Masterwork,4,21.6,8 charges,24,-2.4,"SuitPoolSift:8charges(3 cards/charge, once/day convention)","Reworked in three ways: timing moved to an Interrupt after a flip (adds sifted cards' suits to that flip's own suit pool, matching the window Play from hand already uses); suit-pool credit properly derived rather than folded into Sift's own 0.60/card rate (each sifted card is an independent 1/4 chance to match the flip's suit, worth 1/4 x 2 [Extra Success] x 0.5 [not every flip cares] = 0.25/card at the naive floor, bumped to 0.30/card as a designer judgment call for suits sometimes triggering more than a plain Extra Success -- combined 0.60+0.30 = 0.90/card); a locking clause kept deliberately (spending a charge locks the choker until the wearer's next full night's rest, ""use it or lose it,"" stopping a clever player from freely stacking the deck for the next adventuring day). 2xLevel charges, each spending 1 to Sift 3 cards: Value = 2xLevelx3x0.90 = 5.4xLevel = 21.6. Against the once/day Target=Levelx6=24, Net = -2.4 -- a clean, consistent 90% funded at every Level 1-5, not just one sweet spot."
I151-L5,Choker of Defiance (L5),Masterwork,5,27.0,10 charges,30,-3.0,"SuitPoolSift:10charges(3 cards/charge, once/day convention)","Reworked in three ways: timing moved to an Interrupt after a flip (adds sifted cards' suits to that flip's own suit pool, matching the window Play from hand already uses); suit-pool credit properly derived rather than folded into Sift's own 0.60/card rate (each sifted card is an independent 1/4 chance to match the flip's suit, worth 1/4 x 2 [Extra Success] x 0.5 [not every flip cares] = 0.25/card at the naive floor, bumped to 0.30/card as a designer judgment call for suits sometimes triggering more than a plain Extra Success -- combined 0.60+0.30 = 0.90/card); a locking clause kept deliberately (spending a charge locks the choker until the wearer's next full night's rest, ""use it or lose it,"" stopping a clever player from freely stacking the deck for the next adventuring day). 2xLevel charges, each spending 1 to Sift 3 cards: Value = 2xLevelx3x0.90 = 5.4xLevel = 27.0. Against the once/day Target=Levelx6=30, Net = -3.0 -- a clean, consistent 90% funded at every Level 1-5, not just one sweet spot."
I173,Cloak of One Thousand Feathers,Masterwork,2,6.0,1,6,0,"GlideFallPrevention:uncapped(0 AP), TraversalUtility","Whenever the wearer would fall, they glide instead (5m down + 5m horizontal, wearer's choice), ignoring all fall effects regardless of distance -- no cap, unlike Feathered Sandals' 10m ceiling. Reworked away from a naive ""price the uncapped fall-damage prevention directly"" approach (genuinely underspecified -- tried a 20m case first, Net~+16.67, which only showed the question was underspecified, not that the item was actually that strong) into three components per the designer's ""the opportunity is the point, not the damage prevented"" framing: base fall-damage prevention (same modest, plausible 6m/reduction-3 case as Feathered Sandals -- (6-3)x4x1/3 = 4.0) + a small uncapped tail-risk bump over Feathered Sandals' own 10m cap (+1.0, kept deliberately modest per the designer's read that this isn't the main event) + movement/traversal utility, the actual headline benefit, at the plain Narrative Utility niche-convenience rate used elsewhere this pass (+1.0). Value = 4.0+1.0+1.0 = 6.0. Net = 6.0-6 = 0, confirmed by the designer."
I152-CUT,Cloak of Faces (cut),Masterwork,5,0,0,0,0,CUT,"Removed -- was sitting in the old design doc's ""THE BIN"" (a rejected-ideas dump), not the main item list, only drafted into items.csv by a broad ""draft up entries for all of those items"" instruction that didn't distinguish the bin from the real list. Mechanically an outlier too: every existing Masquerade-family effect (Practiced Persona, One of Many Faces, Hat of Disguise) is a disguise CHECK -- Good Luck on it, or an auto-success, still beatable by an opposed Insight check -- while this was an unconditional, undetectable-by-any-check actual transformation, with no real precedent to price against. Per the designer: bin it, Hat of Disguise (Head) is the right analogue for this design space already."
I211-L2,Worry Token (L2),Masterwork,2,12.77,3 charges,12,+0.77,"SuitKeyedSift:charges(Hearts=heal1, Clubs=Hasted x3, Diamonds=+2atk-Shadow, Spades=filter2, once/day convention)","Reworked from scratch from a GM-secret random table (3 charges/day, mostly-nothing plus six vague/broken effects, GM-fiat branch selection -- doesn't fit a game this card-driven) into a suit-keyed Sift mechanic: spend 1 charge to Sift 1 card, the suit determines the effect, each built from that suit's own established RULES_DESIGN.md archetype identity rather than an arbitrary pick -- Hearts: heal 1 Shallow Health (4.0, Hearts' healing-scales-with-Hearts hook). Clubs: Hasted thrice (3.3, Clubs' defensive Hasted/Shift identity, bumped from a 1-stack proposal to close the gap with Hearts' fixed 4.0). Diamonds: next two attacks deal Shadow damage instead (4.0 -- 1 point average Physical soak bypassed x Damage's hit-gated rate [2] x 2 attacks, Diamonds' own established element). Spades: draw 2 cards, discard 2 from hand (3.32, the new Hand Filtering rate, linear for 2 cards -- checked against RULES_DESIGN.md's suit archetype notes, Spades' ""precise-combatant/analyst"" framing is a stronger fit than Diamonds' ""generalist/skill-monkey"" one, briefly considered instead). Value/charge = 0.60 (base Sift, every activation) + avg(4.0, 3.3, 4.0, 3.32) = 0.60+3.655 = 4.255. Following items.csv's existing non-contiguous-Level convention (2,4): 3 charges at Level 2, Value = 12.77 against Target = 12 (once/day convention), Net = +0.77 -- both land at the same ~106%-funded ratio, since charges and Target both scale directly with Level. Closes out the Neck slot."
I211-L4,Worry Token (L4),Masterwork,4,25.53,6 charges,24,+1.53,"SuitKeyedSift:charges(Hearts=heal1, Clubs=Hasted x3, Diamonds=+2atk-Shadow, Spades=filter2, once/day convention)","Reworked from scratch from a GM-secret random table (3 charges/day, mostly-nothing plus six vague/broken effects, GM-fiat branch selection -- doesn't fit a game this card-driven) into a suit-keyed Sift mechanic: spend 1 charge to Sift 1 card, the suit determines the effect, each built from that suit's own established RULES_DESIGN.md archetype identity rather than an arbitrary pick -- Hearts: heal 1 Shallow Health (4.0, Hearts' healing-scales-with-Hearts hook). Clubs: Hasted thrice (3.3, Clubs' defensive Hasted/Shift identity, bumped from a 1-stack proposal to close the gap with Hearts' fixed 4.0). Diamonds: next two attacks deal Shadow damage instead (4.0 -- 1 point average Physical soak bypassed x Damage's hit-gated rate [2] x 2 attacks, Diamonds' own established element). Spades: draw 2 cards, discard 2 from hand (3.32, the new Hand Filtering rate, linear for 2 cards -- checked against RULES_DESIGN.md's suit archetype notes, Spades' ""precise-combatant/analyst"" framing is a stronger fit than Diamonds' ""generalist/skill-monkey"" one, briefly considered instead). Value/charge = 0.60 (base Sift, every activation) + avg(4.0, 3.3, 4.0, 3.32) = 0.60+3.655 = 4.255. Following items.csv's existing non-contiguous-Level convention (2,4): 6 charges at Level 4, Value = 25.53 against Target = 24 (once/day convention), Net = +1.53 -- both land at the same ~106%-funded ratio, since charges and Target both scale directly with Level. Closes out the Neck slot."
I157-CUT,"Ring of Charming, Assertive, or Bold Statements (cut)",Masterwork,1,0,0,0,0,CUT,"Removed -- Good Luck on a specific social Skill's Statement (Rapport if Charming, Persuasion if Assertive, Presence if Bold; chosen at creation), the exact same shape as Confident Cap/Cap of Smug Confidence/Sympathetic Hat (Head) with no real differentiation beyond the slot it's worn on. Per the designer, cut entirely rather than kept alongside an already-established equivalent family."
I083,Galeforce Loop,Masterwork,1,1,1,3,-2,NarrativeUtility:1/3xTarget,"Once/encounter flavor gust (snuffs torches, scatters paper, disperses smoke, untraceable to the wearer) -- no combat mechanic. Value = 1/3x3 = 1, Net = 1-3 = -2. Confirmed as-is, no changes needed."
I085,Poison Needle,Masterwork,1,5.5,1,3,+2.5,PoisonApplication:0AP-Interrupt(saves 2 AP/encounter),"Hold a loaded poison dose indefinitely, apply it as a 0-AP Interrupt when declaring a weapon attack -- saves Poison's own 2 AP application cost, charged once/encounter since a poisoned weapon persists: Value = 2x2.75 = 5.5, the IDENTICAL derivation shape as Quick Draw Belt (also ""saves 2 AP once/encounter,"" also landing at 5.5). At the original Level 3 (Target 9) this was Net -3.5, a much bigger gap for mechanically the same shape as Quick Draw Belt's own clean Level-2 fit; moved to Level 1 (Target 3), Net = +2.5 -- a real overshoot, but the same ballpark as other accepted Level-1 overshoots this pass (Feathered Sandals +1.0, Immaculate Adhesive +1.125). A real, unquantified flexibility premium (hold a more conditional poison, choose exactly when to apply it, rather than committing blind well before a fight) left unpriced -- the base case already clears Level 1's Target without it. Prompted the Poison duration rule change (""1 hour"" -> ""until it exposes a creature or a full night's rest,"" glossary.md [Poison]) so a loaded dose doesn't risk expiring unused before it matters."
I158,Ring of Pure Elements,Masterwork,1,2.0,1,3,-1.0,"DamageTypeConversion:Fire/Frost/Brilliant/Shadow(once/encounter, wielder's choice of 4)","Once/encounter, a damaging spell attack deals its damage as a chosen element (Fire/Frost/Brilliant/Shadow) instead of its normal type. Same ""average 1 point of soak bypassed"" assumption used for Worry Token's Diamonds branch: Value = 1x2 (Damage's hit-gated rate) = 2.0. At Level 3 (Target 9) this was a Net ~ -7 gap; moved to Level 1 (Target 3), Net = -1.0 -- a much closer fit, and still a conservative estimate, since no premium was added for choosing among all four elements rather than committing to one fixed type (unquantified upside, same reasoning as Poison Needle's own flexibility premium -- the base case is close enough to Target without it)."
I187,Windrider's Loop,Masterwork,2,5.5,1,6,-0.5,"RangeBonus:+10m(once/encounter, weapon attack)","Once/encounter, +10m Range on a weapon attack (was +5m). No existing rate for Range anywhere in this document, so derived fresh: extra Range substitutes directly for the Move action you'd otherwise spend closing the same distance, so it prices identically to Speed's own single-instance rate (0.55/meter) -- added to balance_weights.csv as Range (single-instance)/meter = 0.55/meter. At the original 5m: Value = 5x0.55 = 2.75 (exactly 1 AP's own raw value, which tracks -- it effectively saves the Move action otherwise spent before attacking), Net = -3.25 against Level 2's Target (6), a big gap in the same ""clearly mis-Leveled"" shape as Poison Needle and Ring of Pure Elements. Unlike Ward, Range has no diminishing-returns curve, so several fixes were equally viable (a full Level 1-5 range at 5xLevel meters; keeping Level 2 fixed and bumping to ~11m; or keeping 5m but allowing two uses/encounter, Value=2x2.75=5.5). Per the designer: kept as a single fixed Level 2 item, bumped to 10m once/encounter -- Value = 10x0.55 = 5.5, Net = -0.5, the same number the ""twice per encounter at 5m"" option would have landed on, just via a simpler mechanic. Unquantified upside left aside: extra Range is sometimes worth MORE than the movement it substitutes for, specifically when moving isn't an option at all (surrounded, restrained, shooting across a genuine gap)."
I081-CUT,Bloodshard Ring (cut),Masterwork,2,0,0,0,0,CUT,"Removed -- ""before a damaging spell attack, spend X Health: deal it as Fire, +X damage (+2X instead if the attack has only one target)."" Worked through in detail: the raw Health-for-damage trade is close to a wash, not a trap, once AoE is correctly modeled as the bonus applying PER TARGET HIT rather than once total: Net = 2X(N-2) for N targets -- break-even at 1-2 targets hit, genuinely profitable at 3+, scaling with however much Health the player risks; the flat ""deals its damage as Fire"" conversion adds a consistent ~2.0 on top (same ""1 point of average soak bypassed"" logic as Ring of Pure Elements) independent of target count. Cut rather than priced anyway -- the text has no stated usage cap at all (""before making a spell attack"" reads as usable on every qualifying attack), impossible to price cleanly without a realistic per-encounter usage-frequency assumption the model has no way to supply on its own. Per the designer, moved to IDEAS_BACKLOG.md as a Technique idea instead, where a usage cap can be designed in from the start rather than left open-ended the way the ring did."
I080-L2,Tactician's Band (L2),Masterwork,2,11.62,7 charges,12,-0.38,"HandFilter:7charges(draw+discard, daily allotment)","Was Level 1-5, ""[5xLevel] charges/day, each: expend a charge, discard a card from your hand, and draw a card"" -- the Hand Filtering primitive verbatim (rate 1.66/card, direct reuse, no new derivation needed). At the original 5xLevel charges, Value = 8.3xLevel against Target = 6xLevel -- Net = +2.3xLevel, a consistent 138%-funded overshoot at every Level, not a rounding-level gap. Per the designer, pinned to non-contiguous Level 2,4 (items.csv's existing convention, same shape as Coat of Knit Flesh/Elemental Warding Band) with fixed charge counts rather than a Level-scaled formula -- pinning the Level range alone doesn't fix the ratio, since Value and Target both scale identically with Level regardless of which ones are offered. Landed on 7 charges at Level 2: Value = 7x1.66 = 11.62, Net = 11.62-12 = -0.38 -- ~97% funded, the closest fit found among several options tried (5xLevel = 138% funded, 4xLevel = 111%, 3xLevel = 83%)."
I080-L4,Tactician's Band (L4),Masterwork,4,23.24,14 charges,24,-0.76,"HandFilter:14charges(draw+discard, daily allotment)","Level 4 of the same reworked enhancement -- see L2 row for the full derivation. 14 charges: Value = 14x1.66 = 23.24, Net = 23.24-24 = -0.76 -- ~97% funded, the same fit quality as L2."
I078,Flamebinder's Promise,Masterwork,1,1.5,1,3,-1.5,"FreshAttack:Acrobatics-vs-Dodge(once/encounter, 2 AP, 6m range, 3+Mind Fire)","Priced via the fresh-attack-from-scratch model (Resist placeholder + universal Harried + Autoswing as cost), using Mind=3 as the representative baseline -- per the designer, resolved by treating this ring as a portable Level 1 equivalent of War Magic (T120), reusing War Magic's own established Mind baseline (its reference table's lowest tabulated value, at 'Level 2') rather than inventing a fresh Mind assumption from nothing; first item priced with a Mind-scaling formula. Raw Damage = 3+3 = 6 Fire; Resist placeholder (elemental) = 3, margin = 3, priced at Damage's rate (2/point) = 6; + universal Harried credit (1); - Autoswing opportunity cost (5.5). Value = 6+1-5.5 = 1.5. Net = 1.5-3 = -1.5, a modest accepted shortfall. Range bumped 5m->6m per the designer for flavor -- checked against the range breakpoints table, both values sit well inside the 'Short' tier (no breakpoint crossed), so this carries no separate Value credit."
I082,Fate's Grasp,Masterwork,4,21.6,1/day (aggregate),24,-2.4,"SiftOnHandSpend:x3(unconditional, no charges, once/day convention)","Whenever the wearer discards or plays cards from hand, they may Sift up to three times that many cards -- no charge cap, fires every time. Daily card-spend total derived exactly (not guessed) from the Cycles rule: Draw Cycle gives 2x(Cunning+Mind)=12/day at the baseline-stat-3 convention, and the Discard Cycle unconditionally clears whatever's left in hand before the next day's draw, so every hand card drawn also gets discarded/played by the next cycle -- 12/day is an exact equality, not an estimate. Sift's daily-cadence rate (0.60/card) still applies since the discount is about future-flip volume remaining in the day, not the trigger mechanism. Value at the original 1:1 = 12x0.60 = 7.2, Net -4.8 at Level 2 (60% funded) -- explored clean integer multipliers against every Level; x3 (three times) paired with Level 4 gave the tightest fit found (90% funded) among x1/L1, x2/L2, x3/L4, x4/L5 (the x=Level pairings all land at the same 120%-funded ratio, not a new fit). Value = 12x3x0.60 = 21.6, Target(L4)=24, Net=-2.4. Moved from Ring to Neck, swapped with Worry Token (I211, now Ring) -- checked against RULES_DESIGN.md's slot table: this item's unconditional, no-decision trigger is Neck's passive-utility case, Worry Token's deliberate charge-spend is Ring's active-ability case."
I084,Heartbinding Band,Masterwork,3,12,"1/day (out-of-combat, recycled overheal)",18,-6,"HealthTransfer:AnyAmount-to-Shallow(1AP in-combat penalty, 0AP-effective out-of-combat)","Spend 1 AP + any amount of own Health, adjacent willing creature heals that much Shallow Health (type specified to close a Shallow-pay/Deep-receive rate arbitrage the original unspecified wording allowed, since Healing Deep=5 > Healing Shallow=4=flat Health-spend rate). In combat, one activation is a guaranteed raw loss regardless of magnitude -- Heal(4) and Health-spend cost(4) cancel exactly, leaving only the flat 1 AP cost (2.75) as debit: -2.75/activation. Kept deliberately per the designer as combat-use friction, not a flaw. Real value comes from recycling otherwise-wasted overheal out of combat (AP non-binding there): a capped-out full-Health character's own daily Recovery Cycle heal (=Body, baseline 3) normally goes to waste; redirecting it to someone who needs it converts wasted healing into real party value. Value = 3 x 4 (Healing Shallow, Locked) = 12, an exact fit against Level 2's once/day Target=12 (both numbers pulled from already-established formulas, not tuned). Bumped to Level 3 anyway per the designer as deliberate headroom against a clever party exceeding the single-donor baseline (explicitly accepted as a rulebreaking-type item)."
I086-CUT,Flamefist's Approach (cut),Masterwork,4,0,0,0,0,CUT,"Cut, not priced -- per the designer, the Brawl-hit-enables-Spell/Spell-hit-enables-Brawl-closing interplay reads as a more natural fit for a [Form] Technique (a toggled combat stance) than a passive Ring. Two powers (free <=2AP Sorcery Spell cast on a Brawl hit; free Teleport-to-adjacent on a Sorcery hit within [Meditation Skill Total] meters), both once/encounter, uncappable via a discard-a-card escape valve -- broken into components (Power 1 as a hit-gated Autoswing, Power 2 as an attack-enabler) before the designer redirected it to the backlog rather than finishing the derivation. Moved to IDEAS_BACKLOG.md as a Form Technique idea, same call as Bloodshard Ring earlier in this slot. Removed from items.csv."
I087,Luminous Signet,Masterwork,4,11.0,"1 (representative trigger, 4 cards)",12,-1.0,"AoEHasted:x4(2 allies, Burst5, unconditional trigger on discard/play)","Whenever the wearer discards or plays cards from hand, all allies in Burst 5 (not the wearer) are each Hasted that many times -- same unconditional, uncapped trigger as Fate's Grasp, but a genuinely different derivation since timing matters here (Hasted decays over ~4 turns, so a stack granted outside combat is wasted, unlike Sift's bias which pays off regardless of timing) and Hasted's rate is convex (0.55/stack rising toward ~2.2/stack, unbounded), so trigger size matters, not just aggregate daily total. Per the designer: 2 allies affected, 4 cards discarded/played in a representative encounter (checked against an initially-floated 3-4 range -- 3 cards gave Net -5.4/55% funded, 4 cards gave a much closer fit purely from the convex curve's rising per-stack rate). Value = Hasted(4 stacks)=5.5 x 2 allies = 11.0. Confirmed at Level 4 (not dropped to fit the 3-card case at Level 3) per the designer, deliberately keeping the higher Target buffer against a clever party pushing trigger sizes past the 4-card baseline, since the trigger itself is uncapped. Target(L4, per-encounter, combat-only effect)=12. Net=-1.0 (92% funded). No items.csv changes -- Level/Cost/Effects text were already correct, only the pricing derivation needed resolving."
I079-L1,Focusing Band of [Technique] (L1),Masterwork,1,3.3,1/day (persists until next rest),6,-2.7,"BorrowedTechnique:L1(1 card discard to activate, daily persistence)","Discard a card at any time to 'learn' a Technique bound to the ring at creation (must match the ring's own Level 1), lasting until a full night's rest or removing the ring. Unlike every other item this pass, value depends on which Technique is bound, not a fixed mechanic -- priced via the newly-codified Technique value convention (balance_weights.csv): Level x3/Level for Encounter cadence, Level x6/Level for daily cadence. Both cadences land on the same total here since the ring only activates once/day and persists -- an Encounter Technique refreshes each of the ~2 encounters/day (Level x3 x2 = Level x6), a daily-cadence one is already worth Level x6 on its own. Per the designer, the card-discard cost (2.7, the established Card drawn/hand rate) is the entire intended balancing lever: Value = 6x1-2.7 = 3.3, Target = 6x1 = 6, Net = -2.7 (flat at every Level). Rules gap fixed: for a Technique with its own choices (Feature picks, Free Text), the ring is bound to match a specific copy the creator already knows, locked in at creation, not left open for the wearer to choose fresh."
I079-L2,Focusing Band of [Technique] (L2),Masterwork,2,9.3,1/day (persists until next rest),12,-2.7,"BorrowedTechnique:L2(1 card discard to activate, daily persistence)","Discard a card at any time to 'learn' a Technique bound to the ring at creation (must match the ring's own Level 2), lasting until a full night's rest or removing the ring. Unlike every other item this pass, value depends on which Technique is bound, not a fixed mechanic -- priced via the newly-codified Technique value convention (balance_weights.csv): Level x3/Level for Encounter cadence, Level x6/Level for daily cadence. Both cadences land on the same total here since the ring only activates once/day and persists -- an Encounter Technique refreshes each of the ~2 encounters/day (Level x3 x2 = Level x6), a daily-cadence one is already worth Level x6 on its own. Per the designer, the card-discard cost (2.7, the established Card drawn/hand rate) is the entire intended balancing lever: Value = 6x2-2.7 = 9.3, Target = 6x2 = 12, Net = -2.7 (flat at every Level). Rules gap fixed: for a Technique with its own choices (Feature picks, Free Text), the ring is bound to match a specific copy the creator already knows, locked in at creation, not left open for the wearer to choose fresh."
I079-L3,Focusing Band of [Technique] (L3),Masterwork,3,15.3,1/day (persists until next rest),18,-2.7,"BorrowedTechnique:L3(1 card discard to activate, daily persistence)","Discard a card at any time to 'learn' a Technique bound to the ring at creation (must match the ring's own Level 3), lasting until a full night's rest or removing the ring. Unlike every other item this pass, value depends on which Technique is bound, not a fixed mechanic -- priced via the newly-codified Technique value convention (balance_weights.csv): Level x3/Level for Encounter cadence, Level x6/Level for daily cadence. Both cadences land on the same total here since the ring only activates once/day and persists -- an Encounter Technique refreshes each of the ~2 encounters/day (Level x3 x2 = Level x6), a daily-cadence one is already worth Level x6 on its own. Per the designer, the card-discard cost (2.7, the established Card drawn/hand rate) is the entire intended balancing lever: Value = 6x3-2.7 = 15.3, Target = 6x3 = 18, Net = -2.7 (flat at every Level). Rules gap fixed: for a Technique with its own choices (Feature picks, Free Text), the ring is bound to match a specific copy the creator already knows, locked in at creation, not left open for the wearer to choose fresh."
I079-L4,Focusing Band of [Technique] (L4),Masterwork,4,21.3,1/day (persists until next rest),24,-2.7,"BorrowedTechnique:L4(1 card discard to activate, daily persistence)","Discard a card at any time to 'learn' a Technique bound to the ring at creation (must match the ring's own Level 4), lasting until a full night's rest or removing the ring. Unlike every other item this pass, value depends on which Technique is bound, not a fixed mechanic -- priced via the newly-codified Technique value convention (balance_weights.csv): Level x3/Level for Encounter cadence, Level x6/Level for daily cadence. Both cadences land on the same total here since the ring only activates once/day and persists -- an Encounter Technique refreshes each of the ~2 encounters/day (Level x3 x2 = Level x6), a daily-cadence one is already worth Level x6 on its own. Per the designer, the card-discard cost (2.7, the established Card drawn/hand rate) is the entire intended balancing lever: Value = 6x4-2.7 = 21.3, Target = 6x4 = 24, Net = -2.7 (flat at every Level). Rules gap fixed: for a Technique with its own choices (Feature picks, Free Text), the ring is bound to match a specific copy the creator already knows, locked in at creation, not left open for the wearer to choose fresh."
I079-L5,Focusing Band of [Technique] (L5),Masterwork,5,27.3,1/day (persists until next rest),30,-2.7,"BorrowedTechnique:L5(1 card discard to activate, daily persistence)","Discard a card at any time to 'learn' a Technique bound to the ring at creation (must match the ring's own Level 5), lasting until a full night's rest or removing the ring. Unlike every other item this pass, value depends on which Technique is bound, not a fixed mechanic -- priced via the newly-codified Technique value convention (balance_weights.csv): Level x3/Level for Encounter cadence, Level x6/Level for daily cadence. Both cadences land on the same total here since the ring only activates once/day and persists -- an Encounter Technique refreshes each of the ~2 encounters/day (Level x3 x2 = Level x6), a daily-cadence one is already worth Level x6 on its own. Per the designer, the card-discard cost (2.7, the established Card drawn/hand rate) is the entire intended balancing lever: Value = 6x5-2.7 = 27.3, Target = 6x5 = 30, Net = -2.7 (flat at every Level). Rules gap fixed: for a Technique with its own choices (Feature picks, Free Text), the ring is bound to match a specific copy the creator already knows, locked in at creation, not left open for the wearer to choose fresh."
I088-CUT,Assassin's Undetectable Arms (cut),Masterwork,1,0,0,0,0,CUT,"Cut, not priced -- per the designer, this reads as a narrative/skill-challenge concealment power that would work better folded into another item as an accessory effect than priced and shipped standalone. Partial sketch before the cut: closest precedent is Smuggler's Belt's own Secrecy component (Good Luck-tier concealment at the 1/3 niche tier -- 'someone actually searching you' is that tier's own canonical example). (2.4 Good Luck + 2.2 Bad Luck) x 1/3 = 1.53, a real shortfall either way (51% per-encounter, 26% once/day) -- and that's before the item's other implied component (a weapon normally can't be concealed at all without this) ever got resolved. Moved to IDEAS_BACKLOG.md as a concealment accessory power for a future item. Removed from items.csv."
I090,Battering Armament,Masterwork,1,2.68,1,3,-0.32,Push:3m(on hit or Parry),"On hit or Parry, Push 3 meters. Push's own rate re-derived and decoupled from Speed this same pass: 1 AP(2.75) / 4-space standard move = 0.6875/meter base, +30% tactical premium for forcing an enemy out of position (a real benefit beyond raw AP-equivalent repositioning cost) = 0.89375/meter. Speed's own rates (0.55 single-instance, 2.54375 permanent) are unchanged -- scoped to Push alone. Exact fit at Level 1 needs 3.357m (not clean, half-spaces aren't a thing); locked at 3m over 3.5m. Value = 3x0.89375 = 2.68, Target = 3, Net = -0.32 (89% funded). Flagged, not decided: whether this should scale Level 1-5 -- a naive 3m x Level scaling holds a constant 89.4% ratio at every Level, but raw distances get large fast (15m at L5), likely wanting a capped/secondary-component approach instead of linear meters-per-Level if it scales. Revisit once the whole Held block is assessed after this pass."
I089,Bounty Hunter's Blade,Masterwork,1,1,1,3,-2,NarrativeUtility:1/3xTarget,"Non-lethal attacks with this don't have Bad Luck (the rulebook's Non-Lethal Attacks penalty). Per the designer, this is meant to be comparable to a same-Level Form Technique -- a way to feed narrative/roleplay requirements (capturing a target alive), not a combat-math optimization -- and isn't meant to be evaluated on real frequency the way Bad Luck removal normally would be (which would range wildly from a clean fit at ~1 non-lethal attack/encounter to wildly overfunded on a full non-lethal build). Priced via the Narrative Utility convention instead: Value = 1/3 x 3 = 1, Net = 1-3 = -2. Confirmed as-is, no changes needed."
I091,Shadowdraw,Masterwork,1,3.36,"1/3 (niche, only when concealed)",3,+0.36,"FreeRetrieval:1(concealed-only, backpack-case), GoodLuck/BadLuck:concealment(1/3 tier)","Renamed from Eager Armament and merged with Assassin's Undetectable Arms (I088, cut earlier this pass) -- per the designer, a natural fit: both were about a weapon that's normally hard to get to (hidden vs. ""any location within reach"" only matters if the weapon isn't already just sitting on your belt), so they resolve into one infiltrator-flavored item. Two components, both scoped to the same underlying niche trigger (a scene where the wielder chose to go around visibly unarmed): (1) 0 AP draw, priced against the backpack case (2 AP saved = 5.5) same as Quick Draw Belt/Poison Needle, but realized only when that scene actually happens and a fight breaks out -- not every encounter the way Quick Draw Belt's general-purpose version is, since most characters already carry a weapon drawn or in easy reach. Corrected mid-derivation: an initial pass priced this at the full once/encounter rate before the designer flagged that assumption doesn't hold once concealment is the point. Discounted to the 1/3 niche tier: 5.5x1/3 = 1.833. (2) Concealment Good Luck/Bad Luck, Assassin's Undetectable Arms' own partial sketch, Smuggler's Belt Secrecy precedent, already at the 1/3 niche tier: 1.53 (unchanged). Value = 1.833+1.53 = 3.36, Target (L1, per-encounter) = 3, Net = +0.36 (112% funded) -- fits cleanly at the original Level 1/20 Gold, no Level bump needed. Main Material swapped Wood -> Shadow to match the concealment half. Assassin's Undetectable Arms' IDEAS_BACKLOG.md entry removed -- resolved."
I092-L1,Fatestealer (L1),Masterwork,1,3.6,3/day (Downs w/ this weapon),6,-2.4,"InstaKill:onDown(unpriced), Charges:1/Down(cap 8, lost on rest)","Charges/Down decoupled from a flat 'Level' formula into a hand-picked curve (1/3/5/6/8) instead, to tighten the fit at each Level rather than sharing one shortfall shape. Baseline: wielder Downs ~1.5 creatures/encounter with this weapon (""more than average"" for someone built around it), ~2 encounters/day (established convention) = 3 Downs/day. Charges spent at the better of the two trade rates (1 charge -> Sift 2 cards = 2x0.60 = 1.2/charge; 3 charges -> draw 1 card = 2.7/3 = 0.9/charge is strictly worse and never worth taking, left as-is per the designer -- a real but accepted inefficiency, not fixed). Value = 3 Downs/day x 1 charges/Down x 1.2/charge = 3.6. Target (once/day, L1) = 6. Net = -2.4 (60% funded). The 'instantly killed' clause (converts a Downed creature, which per rulebook.md isn't automatically dead, into a guaranteed kill) is left unpriced -- genuinely GM/scenario-dependent, no clean anchor. Charge cap raised 5 -> 8 to match the new Level 5 grant (a single Down could otherwise exceed the old cap and waste charges)."
I092-L2,Fatestealer (L2),Masterwork,2,10.8,3/day (Downs w/ this weapon),12,-1.2,"InstaKill:onDown(unpriced), Charges:3/Down(cap 8, lost on rest)","Charges/Down decoupled from a flat 'Level' formula into a hand-picked curve (1/3/5/6/8) instead, to tighten the fit at each Level rather than sharing one shortfall shape. Baseline: wielder Downs ~1.5 creatures/encounter with this weapon (""more than average"" for someone built around it), ~2 encounters/day (established convention) = 3 Downs/day. Charges spent at the better of the two trade rates (1 charge -> Sift 2 cards = 2x0.60 = 1.2/charge; 3 charges -> draw 1 card = 2.7/3 = 0.9/charge is strictly worse and never worth taking, left as-is per the designer -- a real but accepted inefficiency, not fixed). Value = 3 Downs/day x 3 charges/Down x 1.2/charge = 10.8. Target (once/day, L2) = 12. Net = -1.2 (90% funded). The 'instantly killed' clause (converts a Downed creature, which per rulebook.md isn't automatically dead, into a guaranteed kill) is left unpriced -- genuinely GM/scenario-dependent, no clean anchor. Charge cap raised 5 -> 8 to match the new Level 5 grant (a single Down could otherwise exceed the old cap and waste charges)."
I092-L3,Fatestealer (L3),Masterwork,3,18.0,3/day (Downs w/ this weapon),18,0.0,"InstaKill:onDown(unpriced), Charges:5/Down(cap 8, lost on rest)","Charges/Down decoupled from a flat 'Level' formula into a hand-picked curve (1/3/5/6/8) instead, to tighten the fit at each Level rather than sharing one shortfall shape. Baseline: wielder Downs ~1.5 creatures/encounter with this weapon (""more than average"" for someone built around it), ~2 encounters/day (established convention) = 3 Downs/day. Charges spent at the better of the two trade rates (1 charge -> Sift 2 cards = 2x0.60 = 1.2/charge; 3 charges -> draw 1 card = 2.7/3 = 0.9/charge is strictly worse and never worth taking, left as-is per the designer -- a real but accepted inefficiency, not fixed). Value = 3 Downs/day x 5 charges/Down x 1.2/charge = 18.0. Target (once/day, L3) = 18. Net = 0.0 (100% funded). The 'instantly killed' clause (converts a Downed creature, which per rulebook.md isn't automatically dead, into a guaranteed kill) is left unpriced -- genuinely GM/scenario-dependent, no clean anchor. Charge cap raised 5 -> 8 to match the new Level 5 grant (a single Down could otherwise exceed the old cap and waste charges)."
I092-L4,Fatestealer (L4),Masterwork,4,21.6,3/day (Downs w/ this weapon),24,-2.4,"InstaKill:onDown(unpriced), Charges:6/Down(cap 8, lost on rest)","Charges/Down decoupled from a flat 'Level' formula into a hand-picked curve (1/3/5/6/8) instead, to tighten the fit at each Level rather than sharing one shortfall shape. Baseline: wielder Downs ~1.5 creatures/encounter with this weapon (""more than average"" for someone built around it), ~2 encounters/day (established convention) = 3 Downs/day. Charges spent at the better of the two trade rates (1 charge -> Sift 2 cards = 2x0.60 = 1.2/charge; 3 charges -> draw 1 card = 2.7/3 = 0.9/charge is strictly worse and never worth taking, left as-is per the designer -- a real but accepted inefficiency, not fixed). Value = 3 Downs/day x 6 charges/Down x 1.2/charge = 21.6. Target (once/day, L4) = 24. Net = -2.4 (90% funded). The 'instantly killed' clause (converts a Downed creature, which per rulebook.md isn't automatically dead, into a guaranteed kill) is left unpriced -- genuinely GM/scenario-dependent, no clean anchor. Charge cap raised 5 -> 8 to match the new Level 5 grant (a single Down could otherwise exceed the old cap and waste charges)."
I092-L5,Fatestealer (L5),Masterwork,5,28.8,3/day (Downs w/ this weapon),30,-1.2,"InstaKill:onDown(unpriced), Charges:8/Down(cap 8, lost on rest)","Charges/Down decoupled from a flat 'Level' formula into a hand-picked curve (1/3/5/6/8) instead, to tighten the fit at each Level rather than sharing one shortfall shape. Baseline: wielder Downs ~1.5 creatures/encounter with this weapon (""more than average"" for someone built around it), ~2 encounters/day (established convention) = 3 Downs/day. Charges spent at the better of the two trade rates (1 charge -> Sift 2 cards = 2x0.60 = 1.2/charge; 3 charges -> draw 1 card = 2.7/3 = 0.9/charge is strictly worse and never worth taking, left as-is per the designer -- a real but accepted inefficiency, not fixed). Value = 3 Downs/day x 8 charges/Down x 1.2/charge = 28.8. Target (once/day, L5) = 30. Net = -1.2 (96% funded). The 'instantly killed' clause (converts a Downed creature, which per rulebook.md isn't automatically dead, into a guaranteed kill) is left unpriced -- genuinely GM/scenario-dependent, no clean anchor. Charge cap raised 5 -> 8 to match the new Level 5 grant (a single Down could otherwise exceed the old cap and waste charges)."
I186,Quartermaster's Blade,Masterwork,1,1,1,3,-2,NarrativeUtility:1/3xTarget,"As a Move, change the weapon's shape to any other single weapon (including shields). Genuinely situational/build-dependent value -- practically most useful within one Skill family (Melee's 1H/2H Light/Heavy + Shield), since a swap to a Bow/Thrown/Unarmed profile only helps if the wielder has also trained that profile's own Skill, and the payoff (e.g. Shield's +2 Defense vs. a Melee weapon's own) depends entirely on which specific swap and how often it comes up -- no clean anchor without picking an arbitrary scenario. Per the designer, priced via the Narrative Utility convention instead: Value = 1/3 x 3 = 1, Net = 1-3 = -2. Wording clarified (not the mechanic): ranged-weapon ammo restriction flipped to match Armory Gauntlets' own precedent (I075) -- the wielder may conjure ammunition for it as part of an attack, rather than being denied ammo outright, so the effect reads flat across every weapon type instead of carving out an exception."
I093-L1,Reaching Weapon (L1),Masterwork,1,4.125,7.5/encounter (all attacks),3,+1.125,"Range:+1m(always on, all attacks/abilities)","Attacks and abilities used with this weapon have their Range increased by [Level] meters, always on. New Range (permanent) rate derived rather than reusing Speed's own moves/encounter rescoping -- per the designer, this applies to every attack, not just movement spent closing distance, so it's scoped by attacks/encounter (7.5, the established 1.5/turn x 5 rounds baseline) instead: Range (single-instance, 0.55/meter) x 7.5 = 4.125/meter. Value = 1 x 4.125 = 4.125, Target (L1, per-encounter) = 3, Net = +1.125 (137.5% funded) -- a consistent overshoot at every Level since both sides scale linearly. Per the designer: confirmed 'a little powerful' but left as-is rather than trimmed, since there's no clean way to reel it in without breaking the Level=meters symmetry. Wording also cleaned up to match the [Range] keyword (glossary.md) added since this item was last touched -- dropped the old manually-spelled-out 'choose any point within X meters for non-ranged effects' clause now that the keyword covers it generically, matching Windrider's Loop's already-clean phrasing. Spiritlink Scepter (I184, not yet reached in this pass) had the same stale clause and was trimmed too."
I093-L2,Reaching Weapon (L2),Masterwork,2,8.25,7.5/encounter (all attacks),6,+2.25,"Range:+2m(always on, all attacks/abilities)","Attacks and abilities used with this weapon have their Range increased by [Level] meters, always on. New Range (permanent) rate derived rather than reusing Speed's own moves/encounter rescoping -- per the designer, this applies to every attack, not just movement spent closing distance, so it's scoped by attacks/encounter (7.5, the established 1.5/turn x 5 rounds baseline) instead: Range (single-instance, 0.55/meter) x 7.5 = 4.125/meter. Value = 2 x 4.125 = 8.25, Target (L2, per-encounter) = 6, Net = +2.25 (137.5% funded) -- a consistent overshoot at every Level since both sides scale linearly. Per the designer: confirmed 'a little powerful' but left as-is rather than trimmed, since there's no clean way to reel it in without breaking the Level=meters symmetry. Wording also cleaned up to match the [Range] keyword (glossary.md) added since this item was last touched -- dropped the old manually-spelled-out 'choose any point within X meters for non-ranged effects' clause now that the keyword covers it generically, matching Windrider's Loop's already-clean phrasing. Spiritlink Scepter (I184, not yet reached in this pass) had the same stale clause and was trimmed too."
I093-L3,Reaching Weapon (L3),Masterwork,3,12.375,7.5/encounter (all attacks),9,+3.375,"Range:+3m(always on, all attacks/abilities)","Attacks and abilities used with this weapon have their Range increased by [Level] meters, always on. New Range (permanent) rate derived rather than reusing Speed's own moves/encounter rescoping -- per the designer, this applies to every attack, not just movement spent closing distance, so it's scoped by attacks/encounter (7.5, the established 1.5/turn x 5 rounds baseline) instead: Range (single-instance, 0.55/meter) x 7.5 = 4.125/meter. Value = 3 x 4.125 = 12.375, Target (L3, per-encounter) = 9, Net = +3.375 (137.5% funded) -- a consistent overshoot at every Level since both sides scale linearly. Per the designer: confirmed 'a little powerful' but left as-is rather than trimmed, since there's no clean way to reel it in without breaking the Level=meters symmetry. Wording also cleaned up to match the [Range] keyword (glossary.md) added since this item was last touched -- dropped the old manually-spelled-out 'choose any point within X meters for non-ranged effects' clause now that the keyword covers it generically, matching Windrider's Loop's already-clean phrasing. Spiritlink Scepter (I184, not yet reached in this pass) had the same stale clause and was trimmed too."
I093-L4,Reaching Weapon (L4),Masterwork,4,16.5,7.5/encounter (all attacks),12,+4.5,"Range:+4m(always on, all attacks/abilities)","Attacks and abilities used with this weapon have their Range increased by [Level] meters, always on. New Range (permanent) rate derived rather than reusing Speed's own moves/encounter rescoping -- per the designer, this applies to every attack, not just movement spent closing distance, so it's scoped by attacks/encounter (7.5, the established 1.5/turn x 5 rounds baseline) instead: Range (single-instance, 0.55/meter) x 7.5 = 4.125/meter. Value = 4 x 4.125 = 16.5, Target (L4, per-encounter) = 12, Net = +4.5 (137.5% funded) -- a consistent overshoot at every Level since both sides scale linearly. Per the designer: confirmed 'a little powerful' but left as-is rather than trimmed, since there's no clean way to reel it in without breaking the Level=meters symmetry. Wording also cleaned up to match the [Range] keyword (glossary.md) added since this item was last touched -- dropped the old manually-spelled-out 'choose any point within X meters for non-ranged effects' clause now that the keyword covers it generically, matching Windrider's Loop's already-clean phrasing. Spiritlink Scepter (I184, not yet reached in this pass) had the same stale clause and was trimmed too."
I093-L5,Reaching Weapon (L5),Masterwork,5,20.625,7.5/encounter (all attacks),15,+5.625,"Range:+5m(always on, all attacks/abilities)","Attacks and abilities used with this weapon have their Range increased by [Level] meters, always on. New Range (permanent) rate derived rather than reusing Speed's own moves/encounter rescoping -- per the designer, this applies to every attack, not just movement spent closing distance, so it's scoped by attacks/encounter (7.5, the established 1.5/turn x 5 rounds baseline) instead: Range (single-instance, 0.55/meter) x 7.5 = 4.125/meter. Value = 5 x 4.125 = 20.625, Target (L5, per-encounter) = 15, Net = +5.625 (137.5% funded) -- a consistent overshoot at every Level since both sides scale linearly. Per the designer: confirmed 'a little powerful' but left as-is rather than trimmed, since there's no clean way to reel it in without breaking the Level=meters symmetry. Wording also cleaned up to match the [Range] keyword (glossary.md) added since this item was last touched -- dropped the old manually-spelled-out 'choose any point within X meters for non-ranged effects' clause now that the keyword covers it generically, matching Windrider's Loop's already-clean phrasing. Spiritlink Scepter (I184, not yet reached in this pass) had the same stale clause and was trimmed too."
I183-CUT,Returning Knives (cut),Masterwork,1,0,0,0,0,CUT,"Cut, not priced -- per the designer, thrown weapons are meant to be treated as an abstracted 'you have enough of these to fight with' collection, recovered as a batch after the encounter rather than tracked square-by-square mid-combat, since that bookkeeping isn't interesting or worth balancing around. Under that design intent, this item's whole premise (return a single thrown weapon to hand mid-fight so it can be reused) doesn't have a real problem to solve -- there's no meaningful in-combat 'you're disarmed after one throw' cost to remove in the first place. Removed from items.csv."
I097-CUT,Weapon of Sending (cut),Masterwork,2,0,0,0,0,CUT,"Cut alongside Returning Knives (I183) -- shares its exact 'returns to hand at the start of your next turn' clause, which loses its rationale under the same thrown-weapons-are-a-collection design call. Its other component (letting a weapon that couldn't normally be thrown be thrown as an Acrobatics attack) was originally 'for fun,' but per the designer, Reaching Weapon largely covers the underlying need already (extended threat range instead of needing to throw at all), and Techniques are a better fit for a genuine throw-a-melee-weapon option if one's wanted later. Removed from items.csv."
